En,Nk
William the Conqueror,정복왕 윌리엄
the Chisholm,치점씨
the MacNab,맥내브씨
a picture starring the Garbo,가보주역의 영화
the West,서양
the East,동부지방
the East,동양
the United Kingdom,영국
the Opposition,야당
the measles,홍역
Eggs are sold by the dozen,닭알은 타스로 팔고있다
The watch was the more precious to her because it was her mothers keepsake,그 시계는 어머니의 유물이기때문에 그 녀자에게는 더욱더 귀중한것이였다
The sooner the better,빠르면 빠를수록 좋다
"The more noble, the more humble",여문 곡식일수록 더 머리를 숙인다
go to the theatre,극장에 구경가다
a drivein theatre,자동차를 탄채로 구경하는 야외극장
the whole Shakespearian theatre,쉐익스피어의 희곡전체
The theatre clapped him many times,관객은 그에게 여러번 박수갈채를 보내였다
an operating theatre,수술실
do a theatre,연극구경가다
theatre of protest,항의연극
theatre of the absurd,부조리연극
theatre of the streets,가두연극
theatrical effect,극적효과
theca,가 안에 들어있는
thee,라고 부르다
She was angry because of their being late,그들이 늦었기때문에 성을 내고있었다
That house is theirs,저 집은 그들의것입니다
Theirs is the largest house on the block,그들의 집은 그 구획에서 제일 큰 집이다
a child of theirs,그들의 아이
Are you a friend of theirs,당신은 그들의 동무입니까
"If anybody comes, tell them to wait",누가 오면 기다리라고 하시오
We are as efficient as them,그들과 같은 정도의 실력이 있다
some of them apples,그 사과 몇알
They sat them down by the fire,그들은 화로곁에 앉았다
write an essay on the theme of,라는 제목으로 론문을 쓰다
Independence is the constant theme of the writer,자주성이 이 작가의 변함없는 주제이다
They themselves must do it,그들자신이 그것을 하여야 한다
They had to do it for themselves,그들은 자기 힘으로 그것을 하지 않으면 안되였다
The children were afraid to be left by themselves,아이들은 저희들끼리만 남게 되는것을 무서워했다
They washed themselves quickly,그들은 재빨리 몸을 씻었다
They were ashamed of themselves,그들은 자신이 부끄러웠다
They were coming to themselves,그들은 제정신이 들고있었다
from then on,그때부터
Take a hot drink and then go to bed,뜨끈한것을 한잔 마시고 잠자리에 드시오
"if you won't tell him, then i will",네가 그에게 말못하겠다면 내가 하마
well then,"그렇다면 그럼, 저"
What then,그러면 어떻게 된다는건가
"Have it your own way, then",그러면 좋을대로 하시오
the then president,당시의 대통령
before then,그 이전에
by then,그때까지는
till then,그때까지
up to then,그때까지
from thence to the present time,그때부터 오늘까지
Thenceforth was he carried,그곳에서부터 그는 실려갔다
theological education,신학교육
the polynominal theorem,다항정리
Darwins theory of evolution,다윈의 진화론
the theory of music music theory,음악리론
theory of equations,방정식론
theory of games,경기론
theory of relativity,상대성리론
radiation therapy,방사선치료
physio therapy,물리료법
here and there,여기저기에
Put it down there,거기에 놓아라
Do you see that tower over there,저기 있는 저 탑이 보입니까
there and back,왕복해서
Are we going to get there before the shops close,상점문이 닫기전에 도착할가
Dont stop there go on please,거기서 그만두지 말고 계속하시오
There I cannot agree with you,그 점은 찬성할수 없다
There goes the bell,"야, 종이 난다"
"There you are, I knew that would happen",그것봐 그렇게 될줄 알았어
You have me there,"이거 손들었소, 내가 졌어"
The pain was still there when he woke up,깨여났을 때도 아직 아픔이 있었다
There was a drop in the temperature,온도가 내려갔다
What is there to say,뭐 할말이 있니
There was born a child to them,그들에게 어린애가 생겼다
there and then,즉시에
then and there,즉석에서
there goes,이 망한다
there goes,끝장나다
where there's a will there's a way,결심만 하면 못해낼 일이 없다
There dont cry,자자 울지 말아
There now,자 어때
there you go again,또 그런짓을 하다니
Thereby hangs a tale,거기에는 다소 까닭이 있다
Thereby hangs a tale,그럴만한 사연이 있다
there is there has,또는 의 줄임형
There was nothing to be discussed thereupon,거기에 관하여 론할것은 아무것도 없었다
theriaca,만병통치약
thermal insulation,열절연
thermal regions,온천지대
therm,물리화학
thermic rays,열선
thermal diffusion,물리화학
a thermoelectric current,열전류
a thermoelectric couple,열전대
a thermoelectric couple,열전기쌍
a thermolabile enzyme,비내열성효소
a thermonuclear bomb,열핵폭탄
a thermonuclear bomb,수소폭탄
thermophilic bacteria,고온균
thermophilic bacteria,열즐김세균
a thermoreactive fibre,온도반응성섬유
a graduation thesis,졸업론문
the thespian art,희곡
the thespian art,극
thesis,로 시작되는
Nobody ever admits that they are to blame,자기가 나쁘다는 사람은 없다
they would they had,또는 의 줄임형
a thick carpet,두꺼운 주단
a thick type,굵은 활자
the room thick with smoke,연기가 자욱한 방
thick smoke,자욱한 연기
thick eyebrows,진한 눈섭
a thick voice,탁한 목소리
thick darkness,먹물을 뿌린것 같은 어둠
have a thick head,머리가 둔하다
be thick on the ground,풍부하다
be thick on the ground,가득하다
a bit thick,부당한
a bit thick,엄청난
a bit thick,지나친
the thick end of something,많은 몫
the thick end of something,대부분
The heart beats thick,가슴이 두근거린다
thick and fast,비발치듯
fast and thick,수많이
the thick of a wood,숲이 제일 무성한 곳
through thick and thin,물불을 가리지 않고
through thick and thin,만난을 무릅쓰고
He remained through thick and thin unshakably loyal to the leader and the Party,그는 어떤 일이 있어도 변함없이 수령님과 당에 충실하였다
The battle thickened,싸움이 절정에 이르렀다
a sky thickset with stars,별이 촘촘한 하늘
Stop thief,도적이야
have thievish habits,손버릇이 나쁘다
thievish living,도적질로 살아가기
He waded into the thighhigh river,넙적다리까지 올라오는 강물에 덤성덤성 들어섰다
be thin in the face,얼굴이 홀쪽하게 여위다
thin hair,성긴 머리칼
The population is thin,인구 밀도가 적다
thin air,희박한 공기
a thin argument,설득력이 없는 론의
that's too thin,너무나도 빤히 들여다보인다
have a thin time,불쾌한 꼴을 당하다
thin on the ground,수가 적은
thin on the ground,얼마 안되여
thin on the ground,드문
thin on top,머리털이 성긴
thin sliced ham,얇게 썬 햄
cut as thin as possible,될수록 얇게 자르다
thin out population,인구밀도를 작게 하다
The smoke thinned away,연기가 연해졌다
Her hair is thinning,그 녀자의 머리칼이 성글어지고있다
all things,만물
take things off the table,식탁우의 물건을 치우다
a living thing,생물
a living thing,살아있는것
household things,가구
kitchen things,취사도구
kitchen things,부엌세간
tea things,차도구
things mortgaged,저당물
as things go,지금 상태로는
as things go,세상일이 늘 그렇듯이
say the right thing,적절한 말을 하다
She goes about saying things,여러가지 일들을 소문내며 다닌다
a little thing of mine,졸작
a little thing of mine,변변치 않은 저의 작품
a dear old thing,귀여운 녀석
You stupid thing,이 바보야
It is hardly the thing to stare at people,사람을 빤히 바라보는것은 실례되는 일이다
The thing is can we raise enough money,중요한것은 충분한 자금을 모을수 있는가 하는것이다
He has a thing about cats,고양이를 몹시 무서워한다
and things,따위
and things,등
be all things to all men,모든 사람의 마음에 들도록 힘쓰다
be on to a good thing,먹을알이 있는 위치에 있다
do the thing try the thing,과 관련된 일을 하다
a film in which he does the badguy thing,그가 나쁜놈역을 하는 영화
do things to,를 좌지우지하다
do things to,에게 영향력을 행사하다
He did nt do a thing to help me,전혀 도와주지 않았다
of all things,하필이면
of all things,하많은 가운데
a thing of the past,과거의 일
a thing of the past,존재하지 않는것
i'll tell him a thing or two if he doesn't do as i tell him to,말한대로 하지 않으면 가차없이 혼내주겠다
Do you think that it is true,그것이 정말이라고 생각합니까
I think so,나도 그렇게 생각한다
I think not,그렇지 않다고 생각한다
I thought the matter very important,그 일이 매우 중요하다고 생각했다
I think him an ardent patriot,그를 열렬한 애국자라고 생각하고있다
I thought it appropriate to invite her to speak at the meeting,회의에서 그 녀자가 연설하는것이 적절하다고 생각했다
i think i'll try,해보려고 생각한다
You think to outwit me yet again,나를 또 속이려는 속심이구나
i'm thinking where to go next,다음에는 어디에 갈것인가 하고 궁리하고있는중이다
You cannot think how glad I am,내가 얼마나 기쁜지 너는 상상할수 없을거야
Little did I think that he would commit such a blunder,그가 그러한 큰 실수를 하리라고는 꿈에도 생각치 않았다
I never thought to look in the directory,주소기록부를 통하여 찾아볼데 대해서는 전혀 생각이 미치지 못했다
think ahead,앞의 일을 생각하다
think back,돌이켜 생각하다
Only think,좀 생각해보게
I m think ing about my childhood days,어린 시절의 일을 생각하고있다
Think before you speak,잘 생각한 다음 말하시오
Please think over what I have said before you decide,결심하기전에 내가 말한것을 잘 생각해보시오
when you least think,동무가 생각하지도 않은 때에
Do you think you could help me move these boxes,제가 이 상자들을 옮기는것을 좀 도와주시겠습니까
think aloud,생각을 입밖에 내여 말하다
think aloud,엉겁결에 혼자말을 하다
Do you think less of me for agreeing to do it,내가 그 일을 하는데 동의하였다고 나쁘게 생각하니
think big,대단한것을 생각하다
think big,야심적인 생각을 하다
if you think fit,그 편이 낫겠다고 생각한다면
to think that he's single,그가 총각이라니
Who do you think will win,당신의 생각에는 누가 이길것 같습니까
where do you think you're going,도대체 당신은 어디로 가는것입니까
He thought back to the day hed first met them,그는 그들을 처음 만나던 날을 회상하였다
She just would nt think of going with you,그 녀자는 너와 함께 가는것에 대해서는 꿈에도 생각하지 않을것이다
Now I think of it,인제 생각난다
i'm still trying to think of a better idea,더 좋은 생각이 없을가 하고 아직 생각하는중이다
That wants thinking out,그것은 잘 생각할 필요가 있다
I will think it over,그 일을 충분히 검토해보겠소
have a hard think,열심히 생각하다
My own private think is this,내 개인으로서는 이런 의견이다
if you think youve got another think coming,가 하리라고 생각한다면 그것은 오산이다
a leading scientific thinker,유명한 과학자
philosophical thinking,철학적사고
think tank,소속의
think tank,의 한 성원
thinly populated,인구가 적은
in the third place,셋째로
in the third place,세번째로
thirdclass treatment,제일 낮은 취급
give a third dimension to a story,이야기에 생동성을 부여하다
have a thirst,한잔 마시고싶다
for after of,갈망
for after of,열망
the thirst to learn,학습의욕
be thirsting for a drink,한잔 마시고싶어 못견디다
hunger and thirst after righteousness,정의를 갈망하다
for all this,이럼에도 불구하고
I dont like this at all,이것은 곤난해
I dont like this at all,이런것은 안되네
You mustnt behave like this,이런 짓을 해서는 안된다
This is Monday,오늘은 월요일이다
What day of the month is this,오늘은 며칠입니까
Get out of this,여기서 나가라
this man here,이 사람
this life,현세
this life,이 세상
by this time,이때까지는
park on this side of the road,도로 이쪽에 주차하다
this time,이번
this time tomorrow night,래일밤 이맘때
this morning,오늘 아침
this Friday,이번주 금요일
all this week,이번주 내내
this very moment,방금
this very moment,곧
this minute,당장
this minute,곧
There was this boy I used to go to school with,이전에 내가 학교에 함께 다니던 소년이 있었습니다
put this and that together,이것저것 종합하여 생각하다
"He would do this that, and the other",그는 이것저것 여러가지 일에 손을 대군 하였다
I know this much that he is a prize winner,그가 수상자라는 정도는 알고있다
grasp the thistle firmly,과감하게 난국에 맞서다
chlorpromazine,의 상표명
on thorns,불안하여
thorny cares,고통스러운 걱정거리
a thorough rest,절대안정
thoroughly reliable,충분히 믿을수 있는
a thoroughpaced rascal,알짜 악한
"Though it was late, we decided to set out",늦었지만 떠나기로 작정하였다
It is worth attempting though we fail,설사 실패한다하더라도 해볼만하다
"We may draw a prize, though I think not","추첨이 당첨될지도 몰라, 하긴 가망이 있을것 같지는 않지만"
"It was quite true, though",역시 완전히 사실이였다
at first thought,얼핏 생각하면
without a moments thought,즉석에서
without a moments thought,대뜸
a happy thought,묘안
My only thought was to carry out the task,과업을 수행하는것만 생각하고있었다
I had no thought of see ing him there,설마 거기서 그를 만나리라고는 생각지 않았다
take thought for,마음을 쓰다
take thought for,동정하다
take thought for,을 걱정하다
modern thought in education,현대교육사상
He seems to me a thought arrogant,나에게는 그가 다소 거만해보인다
its just a thought,생각일 따름이다
He was very thoughtful of about my safety,나의 안전에 몹시 주의를 돌려주었다
a thoughtful gift,생각깊은 선물
How thoughtful of you,당신은 정말 인정이 많으시군요
be thoughtless of others,다른 사람에 대한 동정심이 없다
a well thoughtout scheme,깊이 잘 생각하고 작성한 계획
a quickly thoughtup pretext,급히 꾸며낸 구실
Its a thousand times easier,그 편이 훨씬 쉽다
a thrall to vice,악습의 포로
in thrall,노예의 몸으로
in the thrall of a habit,습관에 얽매여서
I thrashed him at table tennis,탁구에서 그를 여지없이 눌러놓았다
rock rock,음악 음악의 한 형식
the threads of a cobweb,거미줄
threads of gold in the ore,광석속에 있는 몇줄기의 가는 금맥
the thread of life,목숨
the thread of life,명줄
the thread of life,수명
A national thread runs through his music,그의 음악에는 민족적특징이 일관되여있다
thread and thrum,모조리
thread and thrum,좋은것과 나쁜것이 뒤섞인것
threads and thrums,잡동사니
threads and thrums,날실의 실밥 쓸모없는 물건
thread a pipe with wire,관에 쇠줄을 꿰다
A note of hope threaded the story,이야기전체에 한가닥의 희망이 흐르고있었다
thread between obstacles,장애물사이를 요리조리 빠져나가다
threaded beads,실로 꿴 구슬
It threatens to rain,비가 올듯하다
a threatening call,협박전화
cluster in twos and threes,두세사람씩 모여있다
threedimensional movies,립체영화
threedimensional warfare,립체전
a threepronged fork,세가닥포크
a threepronged attack,군사 세방면에로의 공격
to the extent of threequarter,대부분
to the extent of threequarter,거의
I threshed the matter out with him,나는 그 문제를 그와 검토하였다
The game thrilled the spectators,그 경기는 구경군들의 가슴을 울렁거리게 하였다
Apple trees thrive splendidly in the Korean climate,사과나무는 조선의 기후에서 아주 잘 자란다
have a sore throat,목구멍이 아프다
fill up to the throat,배가 잔뜩 부르도록 처먹다
The film grabs the audience by the throat and refuses to let go,그 영화는 관중의 심중을 완전히 그러잡고 놓지 않는다
Scotland took the game by the throat,스코틀랜드팀이 완전히 우세하였다
a red throated bird,목줄기가 빨간 새
His heart had ceased to throb,그의 심장은 고동을 멈추었다
He throb bed with desire,욕망으로 몸을 부르르 떨었다
the heir to the throne,왕위계승자
throngs of people,사람들의 무리
a medley throng,어중이떠중이들
throng the theatre,극장에 몰려가다
throttle discussion,토론을 막다
A thrill ran through my vein,온몸이 짜릿하였다
fly through the air,공중을 날아가다
swim through the water,물속을 헤염치다
through a machine,기계로 가공되여
enjoy health through life,한평생 건강하게 지내다
through all ages,만대에
through all ages,영원히
go through an operation,수술을 받다
work through college,고학으로 대학과정을 마치다
It was through him that I knew her,내가 그 녀자를 알게 된것은 그를 통해서였다
run away through fear,무서워서 도망치다
through shame,부끄러운 나머지
A voice was heard through rolling drums,둥둥거리는 북소리에도 눌리우지 않고 누군가의 목소리가 들렸다
read a book through,책을 통독하다
wait till i'm through,내가 끝날 때까지 기다려주시오
He is not yet through,일이 아직 끝나지 않았다
I am through for the day,오늘 일은 끝났다
This train goes through to Pyongyang,이 렬차는 평양까지 직행한다
Get the ticket through to Chongjin,청진까지의 직행차표를 사시오
He stayed there the whole summer through,온 여름 줄곧 그곳에 머물렀다
She was wet through with perspiration,땀으로 온몸이 흠뻑 젖어있었다
I am chilled through,온몸이 꽁꽁 얼었다
Is he through,그는 합격했습니까
You are through,련결되였습니다
You are through,상대방이 나왔습니다
Are you through,통화가 끝났습니까
through and through,완전히
through and through,샅샅이
through and through,철저히
through and through,철두철미
We were wet through and through,온몸이 흠뻑 젖었다
a through passenger,직행려객
a throughcomposed song,무절가요
throughout the country,전국도처에
throughout the country,온 나라 이르는곳마다에
throughout the length and breadth of the land,방방곡곡에
throughout the length and breadth of the land,전국 각지에
The house was searched throughout,집은 샅샅이 수색되였다
revise a dictionary throughout,사전을 전면적으로 개정하다
Today has been fine throughout,오늘은 종일 날씨가 좋았다
I threw myself upon my horse,훌쩍 말에 올라탔다
He threw himself into a chair,그는 털썩 의자에 앉았다
throw a fly,홀림낚시질을 하다
throw a punch,강타를 안기다
throw light on,에 빛을 던지다 을 환하게 하다
He threw her a quick glance,그는 힐끗 그 녀자를 쳐다보았다
throw a student out of college,학생을 퇴학시키다
throw a bridge across over the river,강에 급히 다리를 놓다
throw a pot,단지를 빚다
throw silk,명주실을 꼬다
throw a party,연회를 차리다
This problem completely threw me,이 문제에는 꼼짝할수 없었다
throw away the key,가두어넣고 내놓지 않다 종신감옥생활을 시키다
He threw up his hands in disgust,그는 진저리가 나서 두손 버쩍 들었다
a shoulder throw,어깨걸어메치기
throw of the dice,모험
thrown silk,꼰 명주실
at the first throwoff,출발 당초에
He thrust his way through the crowd,붐비는 사람들속을 밀어헤치면서 나아갔다
a thrust with a sword,검으로 한번 찌르기
I made a thrust at him,그를 찌르려고 덤벼들었다
An apple fell with a thud,사과가 뚤렁 떨어졌다
thuggish,암살의
thuggish,살인의
thuggish,폭행의
thuggism,암살
hitchhike,하기 마리후아나담배
stick out like a sore thumb,일목료연하다
stand out like a sore thumb,눈에 잘 띄다
The project was finally given the thumbs up,그 계획은 마침내 접수되였다
Her performance got the thumbs down from the critics,그의 공연은 비평가들의 배격을 받았다
thump at the door,문을 쾅쾅 두드리다
thump on a drum,북을 둥둥 치다
This is a thumping lie,이는 터무니없는 거짓말이다
thunder and lightning,벼락
thunder and lightning,우뢰와 번개
thunders of applause from the galleries,맨 웃층 일반관람석에서 나는 우뢰와 같은 갈채
Thunder By thunder,젠장
Thunder By thunder,빌어먹을
Thunder By thunder,제길할
What by thunder is that,도대체 저게 뭐야
a face like thunder,성난 얼굴
a face like thunder,노한 표정
Then heaven thundered,이어 하늘에서 꽈르릉하고 천둥이 울었다
thunder at the door,문을 부서져라 하고 쾅쾅 두드리다
Guns thundered out a salute,례포가 쾅하고 울렸다
a thunderclap of talk,우뢰소리같은 말소리
Thus much is certain,여기까지는 확실하다
Why this thusness,어째서 이 모양일가
It was thy merit,그것은 그대의 공적이였다
Know thyself,그대자신을 알라
tiara,를 씀
in a tick,인차
in a tick,곧
in a tick,순간에
it'll only take two ticks,그저 잠간이면 된다
The clock ticked away in the hall,홀의 벽시계가 계속 똑딱거리고있었다
the minutes ticked past and still she didn't call,몇분이 잘 흘렀지만 그에게서는 아직 전화가 없었다
he will tick you off if you're late again,네가 또 지각하면 그는 너를 꾸짖을거야
His impudence ticked me off,그의 뻔뻔스러움에 성이 났다
on tick,외상으로
a price ticket,가격표
a pawn ticket,전당표
on the Democratic ticket,민주당의 공인후보자로서
Whats the ticket,어쩌면 좋을가
Whats the ticket,어떻게 되였는가
a deposit ticket,예금전표
a sales ticket,판매전표
He is ticketed for the post,그 자리에 지명되여있다
I was ticket ed for speeding,속도위반으로 호출장을 받았다
ticketed passengers,표가 발급된 려객들
Everything is ticketyboo,만사가 잘되고있다
on a tickey,좁은 장소에서
He could turn his car on a tickey,좁은 곳에서도 차를 돌릴수 있다
be tickled pink be tickled to death,매우 기뻐하다
if i see something that tickles my fancy i'm going to buy it,내 마음에 드는것을 보면 그것을 사려고해
tickle the ivories,피아노를 치다
give a tickle,간지럽히다
"stickleback, minnow tadpole",작은 물고기 특히 혹은 류달리 작은것
a tiddly little pool,자그마한 수영장
ebb tide,썰물
half tide,반조
on the tide,조수를 타고
turn the tide,형세를 일변시키다
The tide of events turns,정세가 변한다
take fortune at the tide take the tide at the flood,좋은 기회를 리용하다
glad tidings,기쁜 소식
sad tidings,비보
sad tidings,슬픈 소식
a tidy room,깨끗이 정돈된 방
a tidy solution,만족할만한 해결책
a tidy sum of money,꽤 많은 금액
a tidy mind,명석한 지력
She was bonny and tidy,귀엽고 건강했다
tie a package,소포를 꿍지다
tie up a skiff,쪽배를 매여두다
be tied hand and foot,손발을 묶이우다 행동의 자유를 잃다
They were tie d by common interests,그들은 공통된 리해관계로 결합되여있었다
he's a man to tie to,그는 믿을수 있는 사나이다
Traffic was tied up until noon,교통은 한낮까지 차단되였다
tie up the arrangements for a holiday,휴식일의 준비를 다 갖추다
leave the dog tied up to a tree,개를 나무에 묶어놓다
ties of blood,혈연
the ties of marriage,결혼의 연분
They want friendly ties with Korea,그들은 조선과의 친선관계를 바라고있다
Englands World Cup tie against Argentina,잉글랜드와 아르헨띠나와의 월드컵경기
legal ties,법적구속
neatly tied package,잘 묶은 꾸레미
a tiein sale,끼워팔기
a classroom in tiers,계단식교실
the lower tier of society,사회의 하층계급
a tiered skirt,가로 단을 댄 치마
have a tiff with,와 말다툼을 하다
"Despite his wound, he still fought like a tiger",부상을 당했으나 맹호처럼 싸웠다
The jacket is rather a tight fit,웃옷이 지내 빠듯하다
She tied the rope around the post and pulled it tight,그 녀자는 말뚝에 바줄을 감아매고 팽팽하게 당기였다
His mother kept a tight hold on his hand,그의 어머니는 그의 손을 꼭 잡아쥐였다
keep tight control on immigration,입출국을 엄히 단속하다
a tight budget,긴축예산
"As usual, his schedule on Saturday was tight",여느때처럼 토요일의 그의 일정은 긴장하였다
i'm working to a very tight deadline,나는 일을 신속히 끝내야 한다
Dont be so tight,너무 린색하게 굴지 말아
She wore her hair in a tight bun,그는 단단한 다발머리로 틀었다
the tight bonds that had grown between them,그들사이에 자라난 혈연적뉴대
on a tight bend,급한 굽인돌이에서
force a tight smile,어줍은 미소를 짓다
The band gave a really tight performance,악단은 정말 훌륭한 공연을 펼치였다
get tight,취하다
"be in a tight place be in a tight corner, be in a tight spot",궁지에 빠지다
shut the door tight,문을 꽁꽁 닫다
tightassed,린색한
tightassed,융통성없는
His face muscles tightened,얼굴근육이 굳어졌다
a tightknit organization,단결된 조직
a tightrope dancer,줄타기교예배우
walk a tightrope,줄타기를 하다
in a tight spot,궁지에 몰려
a plain tile,평기와
have a tile loose,정신이 좀 이상하다
till now,지금까지
till then,그때까지
I slept till it was light,밝을 때까지 잠잤다
Do nt start till I give the word,내가 명령할 때까지 떠나지 말라
till a field of knowledge,어느 한 지식분야를 연구하다
land in tillage,부침땅
at the tiller,키를 잡고
at the tiller,지휘를 하여
The floor tilted slightly,마루가 약간 경사졌다
tilt at wrongs,나쁜 페단을 공격하다
He tilted his second cocktail,두번째 잔의 혼합술을 다 마시다
tilt an adversary,적과 싸우다
give a tilt to a barrel,통을 기울이다
on the tilt,기울어져서
have a tilt at against,론박하다
have a tilt at against,을 공격하다
tilt hammer,금속가공
a tilt at the European Cup,유럽선수권을 쟁탈하려는 시도
the tilth of the ground,토지의 경작
standing timber,선나무
a timbered building,목조건물
a timbered banqueting hall,판벽을 댄 연회장
time and space,시간과 공간
in time to come,장래에
with time,이윽고
with time,시간이 지남에 따라
for some time,얼마동안
after a time,곧
after a time,이윽하여
at any time,어느때든지
at some time,언젠가
by this time,지금쯤은
by this time,이때까지는
What time is it What time do you make it,지금 몇시입니까
Is that the time,시간이 벌써 그렇게 되다니
harvest time,가을걷이계절
of all times,고금을 통해서의
with the change of the time s,시대의 추이에 따라
good time s,호경기
as times go,현정세에서는
as times go,요즘 형편에서
as times go,시기가 시기인것만큼
In her time she was a great star,한창때에는 한다하는 인기배우였다
I have no time to spare,바빠서 짜낼 시간이 없다
curtain time,공연시작시간
at a set time,예정된 시각에
at any time,아무때나
for the first time,처음으로
Now is the time to invest,지금이야말로 투자할 좋은 기회이다
Its time for the news now,보도시간이다
there's no time like the present,지금과 같은 좋은 기회는 없다
this is the first time i've been here,여기에 온것은 이번이 처음입니다
each time,매번
each time,매회
times out of number,이루 셀수 없을만큼 여러번
He has now served his time,도제살이기간이 끝났다
He served his full time,형기를 다 마쳤다
beat time,박자를 맞추다
quick time,속보
slow time,평보
It is about time I came clean and admitted it,내가 깨끗이 털어놓고 인정할 때이다
against time,전속력으로
at all times,언제나
at all times,항상
at times,때때로
at times,가끔
before time,때가 되기전에
before time,때이르게 명을 다 살지 못하고
before time,달이 못차서
behind the times,시대에 뒤떨어져서
do time,형기를 치르다
every time,매번 언제나
every time,례외없이
every time,반드시
for the time being,당분간
from time to time,때때로
from time to time,가끔
good old times,그리운 옛날
half the time,자주
half the time,거의 언제나
half the time,대체로
have a good time,즐겁게 지내다
have a good time,유쾌히 보내다
He has no time for people who talk too much,그는 말을 지내 많이 하는 사람들을 좋아하지 않는다
have the time,시간이 있다
Well be at the airport in good time,우리는 비행장에 일찌기 도착하게 될것입니다
in time,때를 기다리면
in time,조만간에
in time,멀지 않아
Its only a matter of time before we catch the person who killed her,언젠가는 그를 죽인 놈을 잡게 될것이다
kill time,소일하다
kill time,심심풀이를 하다
know the time of day,만사를 다 알고있다
most of the time,흔히
most of the time,거의 내내
not before time,겨우
not before time,거의 때를 놓친 늦은 편으로
if I had my time over again,만약 내가 생을 다시 산다면
on time,제시간에 시간을 어기지 않고
arrive on time,정각에 도착하다
Be on time,시간을 지키시오
out of time,너무 늦어서
over time,오랜 기간에
race against time,시간을 다투며 일하다
work against time,시간을 다투며 일하다
battle against time,시간을 다투며 일하다
take time off,쉬다
take time off,시간을 받다
There is a time for everything,무슨 일이나 때가 있는 법이다
there's no time to lose,꾸물거릴 시간이 없다
time after time,자주
time and again,종종 여러번
time and time again,루차
time and time again,재삼
Times change,시대는 변한다
time of life,나이
time of life,년령
at your time of life,너의 나이때에는
with time to spare,시간의 여유를 가지고
with time to spare,예정보다 빨리
punch a time clock,시간기록시계를 누르다
an accurate timekeeper,정확한 시계
timelapse photography,저속도촬영사진
time draft,금융
take time off,휴식하다
call for a timeout,타임아우트를 요구하다
first timers,처음으로 하는 사람들
write to the Times,타임스지에 투고하여 여론에 호소하다
timeserved experts,견습과정을 거친 숙련공들
He is timid of praise,칭찬을 받기 수집어한다
a girl with timid eyes,겁에 질린 눈을 한 소녀
a cry of tin tin cry,함석을 휠 때 나는 소리
have a tin ear,귀가 꽉 메다 음치이다
burn like tinder,맹렬히 타다
His cheek was tinge d with colour,그의 뺨에는 홍조가 피여올랐다
a tinge of red,불그스레한 색갈
autumnal tints,가을빛
tinted paper,색종이
tinted spectacles,색안경
the orange tinted sky,오렌지색의 하늘
little tiny tiny little,조꼬마한
from tip to toe,끝에서 끝까지
tip missiles with nuclear warheads,미싸일에 핵탄두를 설치하다
The boat tipped over,뽀트가 뒤집혔다
That sort never tip,저런 사람들은 팁을 줄줄 모른다
He gave me a tip on the shoulder,나의 어깨를 툭 쳤다
It tipples down It is tippleing down,비가 억수로 퍼붓다
get tipsy,취하다
the tiptop of the mast,돛대의 꼭대기
feel tired,피로를 느끼다
sick and tired of,에 아주 진저리가 나서
tired blood,무기력
face tissue,화장용지
toilet tissue,위생지
to a tittle,정확히
to a tittle,꼭
trinitrotoluene,폭약
trinitrotoluol,폭약
go to the north,북쪽으로 가다
He returned to Pyongyang,평양에 돌아왔다
To arms,전투준비
To arms,무기를 잡으라
All hands to work,전원 작업착수
turn to the right,오른쪽으로 돌다
turn to the right,오른쪽으로 향하다
The house opens to the south,그 집은 남향이다
stand to attention,차렷자세를 취하다
be rotten to the core,속까지 썩다
to the full,완전히
to the full,마음껏
to the full,충분히
from Saturday to Monday,토요일부터 월요일까지
from day to day,련일
from month to month,매달매달
to that end,그 목적을 위하여
to the end that,을 위하여
apply soap to a towel,수건에 비누칠하다
known to the world,세상에 알려져서
necessary to education,교육에 필요한
a son born to him,그에게 생긴 아들
attend to the business,일에 달라붙다
add A to B A B,를 에 더하다
It belongs to me,그것은 내것입니다
be attached to,에 애착을 느끼다
I sat down to table,식탁에 마주앉았다
face to face,코를 맞대고
confess to a crime,죄를 저질렀다고 자백하다
he's to home,그는 집에 있다
I like to think so,그렇게 생각하고싶다
a house to let,세집
water to drink,음료수
I am sorry to hear that,그것 참 안되였습니다
She is beautiful to look at,보기에 아름답다
I asked him to come in,그에게 들어오라고 말했다
Make him repeat it,그에게 그것을 되풀이하게 하시오
Help him lift it,그것을 들어올리는것을 도와주라구
To see is to believe,백번 듣는것보다 한번 보는것이 낫다
bring a ship to,배에 정지명령을 내리다
Is the door to,문이 닫겼는가
The door crashed to,문이 쾅 닫겼다
fall to,먹기 시작하다 서로 때리기 시작하다
The accident occurred close to,사고는 바로 가까이에서 일어났다
I ordered the horses to,말을 마차에 메우라고 명령했다
The horses are to,말은 마차에 메워져있다
I was watching the crowd passing to and fro,나는 군중이 좌왕우왕하는것을 보고있었다
make toast,토스트를 만들다
be toast,죽다
be toast,끝장이다
One mistake and you re toast,한번만 더 잘못하면 끝장이야
drink a toast,축배를 들다
He found himself the toast of the football world,그는 축구계의 소문난 선수였다
toast each others health,서로의 건강을 위하여 축배를 들다
swear off tobacco,맹세하고 담배를 끊다
give up tobacco,담배를 끊다
Kentucky,미국 주의 속칭
a bride tobe,신부가 될 사람
"i'm going to do something, not just sit here on my tod",여기에 혼자 앉아있을것이 아니라 뭔가 해야겠어
today s newspaper,오늘신문
a week ago today,지난 주의 오늘
He made a great todo about fetching a cup,그는 고뿌를 가져오라고 법석 고아댔다
toe and heel,발끝과 발꿈치로 추는 타프춤
Test of English for International Communication,국제통신교제영어시험
slug it out toetotoe,정면으로 맞서서 끝까지 싸우다
He cant sing for toffee,그는 전혀 노래부를줄 모른다
a toffeenosed girl,코대높은 처녀
riding togs,승마복
golf togs,골프복
We got togged up in our glad rags,우리는 나들이옷을 떨쳐입었다
go about together,함께 돌아다니다
live together,함께 살다
Do not speak all together,모두가 동시에 말하지 말라
do a task together,일을 공동으로 하다
We talked for hours together,몇시간이고 쉬지 않고 이야기하였다
He looks a very together young man,자신만만한 젊은이같다
an actors toggery,배우의 옷차림
toil on through a book,애쓰며 책을 다 읽다
toil and moil,아글타글 일하기
in the toils,홀리여
in the toils,매혹되여
in the toils,그물에 걸려서
Henry had become caught in the toils of his own deviousness,헨리는 제속임수에 걸려들었다
present a friend with a token,동무에게 기념품을 주다
give tokens,신호하다
by the same,그 증거로는
by this token,그 증거로는
by that token,그 증거로는
in token of,의 표시로서
as a token of,의 기념으로
as a token of,의 증거로
a token resistance,명색뿐인 저항
The pain was severe but tolerable,아픔은 심하지만 참을수 있었다
a death toll,죽은 사람수
the total toll of the roads,교통사고사상자 총수
Years of glassblowing have taken their toll on his body,여러해동안 유리불기를 하여 끝내 병이 생기였다
a tollfree highway,무료고속도로
from the womb to the tomb,태여나서 죽을 때까지
around,녀자의 꽁무니만 쫓아다니다
Thompson submachine gun,경기관총
the day after tomorrow,모레
Tomorrow never comes,오늘 할 일을 래일로 미루지 말라
tomorrow week,다음주 래일
Uncle Toms Cabin,순회공연으로 하는 극
tons of friends,많은 친우들
tons of hair,많은 머리숱
That is tons better,그것이 훨씬 낫다
speak in a friendly tone,정답게 말하다
say in a low tone,조용히 말하다
He took a high tone,거만한 소리를 쳤다
fundamental tone,원음
in a tone,일치하여
on the tongues of men,남들의 입에 올라
His tongue failed him,말이 나가지 않았다
a long tongue,장광설
sharp tongue,독설
a flattering tongue,아첨하는 말
mother tongue,모국어
Cat got your tongue Lost your tongue,입이 얼어붙었니 왜 말을 못해
set tongue wagging,소문을 퍼뜨리다
set tongue wagging,소문이 자자해지다
slip of the tongue,잘못 말함
slip of the tongue,부주의한 발언
slip of the tongue,실언
The fire tongued up the house,날름거리는 불길이 그 집을 핥았다
double tongued,앞뒤가 맞지 않는 말을 하는
double tongued,이랬다저랬다하는
foul tongued,입이 건
foul tongued,입이 험한
a tonic medicine,강장제
quinine water,토닉
a tonish singer,류행가수
a tonsorial artist,리발사
He is coming too,그도 온다
too beautiful for words,이루 다 말할수 없으리만큼 아름다운
that's too bad,거 참 안됐군요
that's too bad,거 유감스럽군요
I am too happy,대단히 행복하다
not too,그다지 않다
He is not too well today,오늘은 몸이 그다지 좋지 않다
It is only too true,유감이지만 그것은 사실이다
This is too much,이건 너무하다
literary tools,학용품
literary tools,문방구
a tool of communication,전달수단
Words are the tools of thought,말은 사상표현의 수단이다
Good workmen never quarrel with their tool,능한 직공은 연장을 나무라지 않는다
tooled in gold,금박을 한
A car tooted at us,우리에게 자동차가 빵빵 하고 경적을 울리였다
a canine tooth,송곳이
a molar tooth,어금이
a permanent tooth,간이
a permanent tooth,영구치
cut a tooth,이가 나다
the sharp teeth of the wind,살을 에이는 맵짠 바람
have a sweet tooth,단것을 좋아하다
armed to the teeth,완전무장하여
in the teeth of,와 얼굴을 맞대고
in the teeth of,맞서서
in the teeth of,의 면전에서
tooth a saw,톱날을 세우다
suffer from toothache,이를 앓다
buck toothed,버덩이의
a toothy smile,환한 웃음
It had become tootoo tiring,지루하기 그지 없었다
Hop down here toot sweet,여기에 냉큼 오라
a bottle top,병마개
take the top of the table,좌상이 되다
take the top of the table,식탁의 웃자리에 앉다
let's take it from the top again,한번 더 처음부터 합시다
the top of happiness,무상의 행복
people at the top,높은 자리에 있는 사람들
This sauce is top with beef,이 양념즙은 소고기와 제격이다
from top to bottom,머리끝에서 발끝까지
from top to toe,완전히
from top to tail,철두철미
from the top,처음부터
from the top,시작부터
not have much up top,그다지 총명하지 못하다
put on a raincoat on top,우에 비옷을 걸치다
be on top for the first half,전반전에 우세하다
on top of,우에
put my suitcase on top of his,그의 려행가방우에 내것을 올려놓다
on top of the world,성공하여
on top of the world,출세하여
on top of the world,이름을 날려
on top of the world,더없이 기뻐하여
on top of the world,의기양양하여
When I heard shed been released I felt on top of the world,나는 그가 놓여나왔다는 소식을 듣고 더없이 기뻤다
over the top,할당액을 초과하여
over the top,한도이상으로
reach the top of the tree be at the top of the ladder,최고의 지위에 오르다
the top and bottom of it,골자
the top and bottom of it,요약
the top of the market,최고가격
the top floor,맨웃층
the top rung,사다리의 맨 웃단 성공의 절정 중요한 지위 수위
top prices,최고가격
top quality,최상의 질
top speed,최대속도
top priority,가장 큰 관심사
win top honours in a competition,학과경연에서 최우등을 쟁취하다
top a box,상자뚜껑을 덮다
to top it all,게다가 또
to top it all,엎친데덮치기로
to top it all,설상가상으로
Can I top you up,잔을 채워줄가요
spin a top,팽이를 돌리다
The top sleeps,팽이가 선듯이 한곳에서 돈다
a topdog position,최고의 지위
topmast royal mast,보다 우에 있고 보다 아래에 있는 웃돛대의
a topic for conversation,화제
a topical allusion,시사문제에 대한 언급
a topical remedy,국소료법
a topical anaesthetic,국소마취제
toplevel talks,최고위급회담
a topnotch hotel,일류급호텔
the topnotch efficiency,최고능률
topping out,상량식
celebrate the topping out,상량식을 거행하다
The chimney toppled onto the roof,굴뚝이 지붕우에 넘어졌다
topple the military regime,군사정권을 뒤집어엎다
His work is tops,그의 작품은 최고걸작이다
top secret documents,극비문서
fall topsyturvy,거꾸로 곤두박히다
the torch of Hymen,사랑의 불꽃
carry a torch for,짝사랑으로 괴로워하다
put to the torch put a torch to,불을 질러 파괴하다
The shop was looted and torched,물건은 다 털어가고 상점은 불에 탔다
a torchlight procession,홰불행렬
torch song,가수
She was subjected to a torrent of abuse,그 녀자에게 욕사발이 차례졌다
torrential stream,격류
torrid love,열렬한 사랑
torsional,비트는
torsional,비꼬는
torsional,비틀린
in tort,불법행위때문에
in tort,불법행위에 관하여
instruments of torture,고문도구
be in torture,고민하고있다
be in torture,고민하고있다
a tossing sea,파도사나운 바다
tossing the caber,막대기던지기놀이
toss it in,항복하다
toss it in,패배를 인정하다
not care a toss,에 대해 전혀 개의치 않다
take a toss,말에서 떨어지다
a contest to find the best pancake tosser,지짐을 올려던져 뒤판으로 떨어지게 하는 경기
a tiny tot,애기
a tiny tot,꼬마
tots and toddles,어린 아이들
the total sum,총계
the total sum,총액
a total stranger,전혀 모르는 사람
total nakedness,발가숭이
total nakedness,알몸
a total war,전면전쟁
a total war,총력전
total defense,총력을 기울인 전면방비
the grand total,총계
in total,전체로서
in total,총
a totalitarian state,전체주의국가
the totalitarianism of Nazi Germany,나치스도이췰란드의 전체주의
in totality,전체적으로
in totality,완전히
totalized war,국가총력전
an actual total loss,현실전손
in a totally different way,전혀 다른 방법으로
tother day,전날
differ toto caelo,천양지차가 있다
be toto caelo different,차이가 엄청나게 크다
disagree toto caelo,전혀 맞지 않다
totter from crisis to crisis,위기를 겪고나면 또 다른 위기에 맞다들려 비틀거리다
tottering steps,비틀거리는 걸음걸이
Dont touch exhibits,진렬품에 손을 대지 마시오
His head almost touched the ceiling,그의 머리는 거의 천정에 닿았다
a style that can not touch that of Shakespeare,쉐익스피어의 문체와는 도저히 대비도 안되는 문체
He touches neither coffee nor tea,그는 커피도 차도 안마신다
I have nt been able to touch my work all day,온종일 일이 손에 잡히지 않았다
It touched me to the heart,그것은 나를 몹시 감동시켰다
The matter touches you closely,그 문제는 너와 밀접한 관계가 있다
The time touched upon departure,출발시간이 박두했다
touch bottom,물밑에 닿다 제일 어려운 처지에 이르다
The remark touched him home to the quick,그 말은 그의 아픈데를 다쳤다
The plane touched down at the airport for refueling,그 비행기는 연료보급을 위해 비행장에 착륙했다
the sense of touch,촉각
the sense of touch,촉감
try to get in touch with the times,시대에 뒤떨어지지 않도록 힘쓰다
i've lost touch with him,그와의 련계가 끊어졌다
with a touch of irony,좀 비꼬는 투로
a touch in the brain,머리가 좀 이상함
a touch in the brain,가벼운 정신병증세
a human touch,인간성
a human touch,인간미
a near touch,구사일생
be no touch to,과는 비교도 안되다
in touch of within touch of,의 가까이
lose touch with,서신거래가 끊어지다
to the touch,만져보기에
The silk was slightly rough to the touch,이 명주는 만져보니 약간 거칠다
touch and go,재빠른 움직임
touch and go,잠간 다쳤다 떼는것
touch of nature,자연의 정서적감응 인정미 동정을 이끌만한 감정의 표시
touch of the sun,약한 일사병
a touchandgo business,위험한 일
touchandgo sketches,대충 그린 소묘
a threewheel touchdown,안전한 착륙
He is a bit touched in the head,머리가 좀 돌았다
as near as a toucher,거의 아슬아슬하게
a near toucher,위기일발
a beefsteak as tough as leather,가죽처럼 질긴 소고기
a tough problem,힘든 문제
"Poor kid, its tough on her","불쌍해라, 힘들겠구나"
a tough struggle,격투
Tough,설마
a tough lot,불한당
a tough lot,불량자
a tough guy,주먹이 센 사나이 불한당
a tough nut,망나니
a tough nut,악당
a tough policy,강경정책
Police have been getting tough with drivers,경찰은 운전수들을 엄하게 단속하고있다
tough the winter out,겨울을 참고 견디여내다
tough it out,고난을 이겨내다
toughen up sentencing policy,형벌제도를 강화하다
a sightseeing tour,관광려행
a wedding tour,신혼려행
a tour of inspection,시찰려행
go on tour,순회공연하다
a tour of the country a provincial tour,지방순회공연
The Moscow Symphony Orchestra is here on tour,모스크바교향악단이 여기서 순회공연중에 있다
a tour of duty in Northern Ireland,북아일랜드에서의 복무기간
a tourist bureau,려행사
a tourist party,관광단
tourist class,로
a touristy attitude,관광객풍의 태도
a chess tournament,장기경기
tousled hair,헝클어진 머리
tout for orders,주문해달라고 귀찮게 조르다
She was touted as potential Prime Minister,그 녀자는 앞으로 총리가 되여달라는 권유를 받았다
on the tout for,을 망보고
Russ,동지 친구
I saw her towing her little brother along by the hand,그 녀자가 어린 남동생을 끌고가는것을 보았다
go towards the town,시내쪽으로 가다
get towards,로 다가가다
hills towards the north,북쪽에 있는 산들
His back was towards me,등을 내게 돌려대고있었다
as we get towards Pyongyang,평양에 가까와짐에 따라
a bath towel,목욕수건
a clock tower,시계탑
a watch tower,망루
Tower of London,런던탑
a towering passion,격노
a man from the town,도회지출신의 사람
leave town,수도를 떠나다
i'd go to town on the redecoration,비용이 들더라도 집꾸리기를 하겠습니다
My father was in town when the earthquake hit the it,지진이 일어났을 때 아버지는 도시에 있었다
town and gown,시민측과 대학측
town and gown,일반시민들과 대학관계자들
town life,도시생활
a toxic drug,독약
toxic smoke,독가스
toxic materials,독성물질
toxic symptoms,중독증상
Stop toying with your food,음식을 가지고 께적거리지 말아
find the traces of big game,큰 사냥감이 지나간 발자국을 발견하다
be hot on the traces of,을 맹렬히 추적하다
the traces of war,전쟁의 상처
without a trace of sympathy,조금도 동정하는 기색이 없이
trace a river to its source,강을 그 원류까지 거슬러올라가다
His book traces his flying career with the AF,그이 책은 그가 공군에 복무할 때의 비행경력에 대하여 묘사하고있다
"Through the binoculars, I traced the path I had taken the night before",망원경으로 전날밤에 지나온 길을 확인하였다
trace out a line of conduct,행동방향을 정하다
a traceless crime,흔적없는 범행
tracks in the snow,눈우의 발자국
a track through a wood,숲속의 오솔길
lay tracks,선로를 부설하다
stream,교육
lose track of,을 잊어버리다
lose track of,놓치다
lose track of,를 기록하는것을 소홀히 하다
on track,탈선없이
on track,정상궤도우로
keep the economy on track,경제를 정상궤도우에서 유지하다
track and field,륙상경기
track the footprints,발자국을 따라가다
track a floor,마루에 발자국을 내다
"i'm sorry, i've tracked in the road salt from the street",거리에서 묻혀온 도로소금자국을 내서 미안합니다
trackless trams,무궤도전차
track lighting,에 쓰이는 전등
a long tract of time,오랜 시간
the urinary tract,비뇨관
the urinary tract,뇨로
digestive tract,소화관
the motor tract,운동신경삭
a tractable horse,다루기 쉬운 말
force of traction,끄는 힘
force of traction,견인력
the changeover to electric traction,전기철도에로의 전환
in traction,견인상태에 있는
His leg is in traction,그의 다리는 견인중이다
a farm tractor,경작용뜨락또르
a significant increase in foreign trade,대외무역의 급격한 증대
do an honest trade,성실한 거래를 하다
go out of the trade,장사를 그만두다
an increase in the trade,시장의 확대
the trade of a printer,인쇄업
in trade,무역에 종사하는
those in trade,무역쟁이들
the trade belts,무역풍지대
trade in luxury goods,기호품장사를 하다
trade dirty jokes,상스러운 롱담을 주고받다
They traded a few punches,그들은 치고받고하였다
trade India,인디아와 통상하다
The hostages were traded for arms,인질과 무기를 바꾸었다
Polish government is trading on fears of inflation,뽈스까정부는 인플레에 대한 공포감을 악용하고있다
I have a TL for you,너를 칭찬한 사람이 있어
a registered trademark,등록상표
counterfeit a trademark,상표를 위조하다
all the trademarks of Mafia hit,마피아습격의 모든 특징들
according to tradition,구전에 의하면
be handed down by tradition,전해내려오다
follow tradition,전통을 따르다
true to tradition,관례대로
stage tradition,무대상연극의 관례
by tradition,전통적으로
in the tradition of,때부터 내려오는 전통에 따라
a traditional view,전통적인 견해
a traffic accident,교통사고
traffic volume,교통량
direct traffic,교통정리를 하다
human traffic,인신매매
the traffic in stolen cattle,도적질한 가축거래
ships of traffic,무역선
a traffic in ideas,의견교환
traffic in drugs,마약장사를 하다
be caught in traffic jam,교통혼잡에 오도가도 못하다
a drug trafficker,마약거래자
The tragedy of it,"아, 이 무슨 비극이야"
dramatic irony,연극
Ivy trails over the wall,담쟁이가 담을 따라 뻗어가고있다
Smoke trailed from the chimney,굴뚝에서 연기가 옆으로 길게 뻗어갔다
trail arms,군사 허리들어총 땅과 수평되게 총을 들다
the trail of a snake,뱀이 지나간 자국
Police tracked him to Valencia and there the trail went cold,경찰은 발렌씨아까지 그를 추적하였지만 거기에서 실마리는 끊어지고 말았다
the tourist trail,관광로정
vapour trails,비행운
at the trail,군사 허리들어총의 자세로 땅과 수평이 된 총의 자세로
be on the trail of,에 대하여 알아내려고 하다
Police believe they are hot on the trail of a drugsmuggling gang,경찰은 자기들이 어느한 마약밀수범죄집단을 거의 적발하게 되였다고 믿고있다
He was a trailblazer for many mechanical ideas,그는 많은 기계들을 창안한 사람이였다
a trailer bus,련결차가 달린 대형뻐스
house trailer,자동차
trailing plants,덩굴식물
train soldiers,병사들을 훈련시키다
The dogs are trained to sniff out illegal stowaways,이 개들은 비법적으로 감추어둔 물건들을 냄새로 맡아내는 훈련을 받는다
The detective trained his gun on the door,형사는 총구를 문으로 돌리였다
Her long skirt trained on the floor,그의 긴 치마가 마루바닥에 질질 끌리고있었다
an accident to a train a train accident,렬차사고
an express train,급행렬차
a through train,직통렬차
go by train,기차로 가다
a funeral train,장례행렬
You may be setting in motion a train of events which will cause harm,그러다간 련속 일을 쳐 해를 끼치겠다
in the train of peace,평화의 뒤에 이어
the train of wave,파렬
the train of wave,파동렬
in train,잘 조직된
in train,진척되고있는
go into training,련습을 시작하다
a training school for nurses,간호원양성소
English traits,영국 국민성
a traitor to the nation,민족반역자
a traitorous action,배신행위
traitor,의 녀성형
by tram,전차로
cast off trammels,속박에서 벗어나다
"They decided to forge their won future, free from the trammels of materialism",그들은 물질주의의 구속에서 벗어나 자신들의 미래를 개척해나가기로 하였다
tramp down,밟아다지다
tramp down,을 밟아뭉개다
look like a tramp,괴죄죄한 차림새를 하다
trample grass down,풀을 밟아 쓰러뜨리다
trample out a fire,불을 밟아끄다
fall into a trance,황홀해지다 실신하다
a tranquil sea,잔잔한 바다
a tranquil landscape,고요한 풍경
transactor,취급자
TransAmerican,아메리카횡단의
a transatlantic flight,대서양비행
This was an issue transcending local interests,이것은 우리 지역의 리익을 초월한 문제이다
a transcendental number,초월수
She transferred to the Physics Department,그 녀자는 물리강좌로 자리를 옮겼다
transfer from the train to a bus,기차에서 뻐스로 갈아타다
ask for a transfer to the city,도시로 조동시켜달라고 간청하다
Tshirts with ironon transfers T,다리미로 눌러 그림이 옭겨진 샤쯔
transfer of training,학습전이
The town is made luminous and is transfigured,도시는 밝아지고 아름답게 일신되였다
transfix a bird with an arrow,새를 화살로 쏘아꿰다
transform a barn into a garage,헛간을 차고로 개조하다
Lasers have transformed cardiac surgery,레이자는 심장수술방법을 완전히 바꾸었다
Heat is transformed into energy,열은 에네르기로 변한다
transformation scene,연극 형질전환
We became transfused by a radiance of joy,우리는 기쁨에 차넘치였다
a transgenic animal,유전자전이동물
He transgressed an unwritten social law,그는 관례로 지켜오는 사회적법의 한도를 넘어섰다
the transience of pleasure,덧없는 쾌락
a transient cold spell,잠시 온 추위
a transit passenger,통과려객
the transit of goods,화물수송
transit without visa,무사증통과
transit the Panama Canal,빠나마운하를 통과하다
an age of transition,전환기
an age of transition,과도기
the period of transition from capitalism to socialism,자본주의로부터 사회주의에로의 과도기
this transitional stage,이 과도적인 단계
translate an English book into Korean,영어책을 조선말로 번역하다
How do you translate his silence I translate it as a refusal,그의 침묵을 어떻게 해석합니까 거절이라고 해석합니다
translate a poem into prose,시를 산문으로 고쳐쓰다
Kindly translate,더 알기 쉽게 말해주시오
These words translate into Korean,이 말을 조선말로 번역할수 있다
read a novel in translation,번역소설을 읽다
transoceanic operations,대양횡단작전
fine transparent fabric,환하게 비치는 천
transplant rice seedlings,모를 내다
transplant skin from to,로부터 에피부를 이식하다
trnsplnt plnt,이식 이전
kidneys available for transplant,이식해 쓸수 있는 콩팥
a transpolar flight,극지횡단비행
a transpontine drama,통속극
The bulk of freight traffic was transported by lorry,그 많은 짐수송이 화물자동차에 의해 진행되였다
the transport of goods,화물수송
He was in transports,기뻐서 어쩔줄 몰랐다
the railway transportation,철도수송
transportation for life,종신류형
a transversal line,횡단선
a transverse section,횡단면
a transverse section,가로자름면
keep your trap shut,입다물라
Were going to trap him into admission,수를 써서 그가 자인하게 하겠다
He had trapped his finger in a springloaded hinge,그는 손가락을 용수식돌쩌귀에 끼웠다
trashy novels,서푼짜리 소설
in travail,산기가 있어
travel abroad,해외려행을 하다
Light travels faster than sound,빛은 소리보다 빠르다
Gullivers Travels,갈리버려행기
the travel of blood,피의 흐름
This horse is a fast traveller,이 말은 걸음이 빠르다
traverse an office,심문의 유효성을 인정하지 않다
a narrow traverse made lethal by snow and ice,눈과 얼음이 덮혀 죽음을 초래할수 있는 아슬아슬한 산릉선타기
a travesty of justice,어리석은 판결
trawl a net,그물을 당기다
She spent the morning in the library trawling for information for her project,그 녀자는 자기 과제를 수행하는데 필요한 자료를 찾느라 도서관에서 오전을 보냈다
a treacherous action,배신행위
a treacherous memory,믿을수 없는 기억력
treacherous ice,단단해 보이면서도 깨지기 쉬운 얼음
a treacherous bridge,위태로운 다리
A holidaymaker was swept away by treacherous current,한 휴양객이 별일없이 보이는 흐름에 밀려갔다
tread the ground,산보하다
tread the ground,걷다
a cigarette butt trodden into the carpet,주단에 발로 비벼끈 담배꽁초
tread a path through grass,밟아서 풀밭에 길을 내다
tread dirt,흙묻은 발자국을 내다
Getting the right balance between home and work is a difficult path to tread,가정생활과 사업사이에 균형을 옳게 유지한다는것은 쉬운 일이 아니다
tread on air,몹시 기뻐하다
tread on air,좋아서 어쩔줄 모르다
They are treading water in their career,그들은 자기 일에서 발전이 없다
the soulless treadmill of urban existence,활기없고 지루한 도시생활
a petty treason,주인남편 등의 살해
amass great treasures,막대한 재부를 축적하다
treasures of art art treasures,귀중한 미술품
the Treasurer of the Household,영국왕실회계국장관
the Treasurer of the United States,미국재무성출납국장
Montana,미국 주의 속칭
treat a disease,병을 치료하다
What subject did you treat with,무슨 문제를 론했는가
i'll treat today,오늘 내가 한턱 내겠다
Whose treat is it now,이번엔 누가 낼 차례인가
This Korean dish is a treat to the eye as well as the palate,이 조선료리는 정말 맛이 좋을뿐아니라 보기에도 좋다
go down a fair treat,대단히 평이 좋다
a classic treatise up on Koguryo,고구려에 대한 고전적론문
He responded well to treatment,그는 치료에 반응을 잘한다
a new treatment for cancer,암의 새로운 치료법
heat treatment,열처리
get the full treatment,일이 훌륭히 진행되다
a secret treaty,비밀협정
see the trees and not the forest,나무만 보고 수풀을 안본다 눈앞의 일에 구애되여 전체를 못보다
tree of heaven,가중나무
up a tree,진퇴량난에 빠져
up a tree,궁지에 몰려
a trek to the South Pole,남극에로의 도보려행
The vessel trembled with the shock,충격을 받아 배가 흔들렸다
tremble to think that,라는것을 생각만 해도 떨리다
a tremendous explosion,요란한 폭발
a tremendous success,대단한 성공
at tremendous speeds,엄청나게 빠른 속도로
They did a tremendous job,그들은 정말 훌륭한 일을 하였다
A tremor of sheer fear passed over him,무서운 공포에 사로잡혀 온몸이 떨렸다
tremulous leaves,흔들리는 나무잎
a cover trench,엄페호
a fire trench,전투호
a fire trench,산병호
mount the trenches,참호근무를 서다
open the trenches,참호를 파기 시작하다
relieve the trenches,참호근무를 교대하다
search the trenches,류산탄 등으로 참호를 포격하다
make a trenchant criticism of,을 날카롭게 비판하다
a trenchant warning,엄한 경고
a trenchant tooth,송곳이
a upward trend in sales,상승하는 판매추세
the new trend in womens hairdo,최신류행의 녀자머리모양
trespass against the law,법을 어기다
trespass on railway property,철도구역에 불법침입하다
a golden tressed girl,금발머리소녀
a new trial,재심
a public trial,공판
preliminary trial,예심
stand trial,재판을 받다
await trial,재판받기를 기다리다
run a trial,시운전하다
by way of trial,시험삼아
by way of trial,시험으로
undergo clinical trial,림상실험을 진행하다
trials and tribulations,시련
trials and tribulations,많은 고난
horse trials,경마
on trial,시험해보니
on trial,시험한 결과에
tribadism,에서 남자노릇을 하는 녀자
in great tribulation,몹시 고생하여
the Hague Tribunal,헤그국제사법재판소
a tributary river,지류
a tribute of praise,찬사
a symposium organized to pay tribute to Darwin,다윈기념토론회
pay tribute to,에게 찬사를 보내다
in a trice,순식간에
a conjurers tricks conjuring tricks,요술
a trick of speech,말투
every trick in the book,목적달성을 위한 가능한 모든 수단
Hows tricks,잘 있느냐
Hows tricks,재미가 어떤가
not miss a trick,절대로 기회를 놓치지 않다
never miss a trick,빈틈이 없다
play some trick on,롱질로 놀려대다
trick of fortune,운명의 희롱
i've been tricked,속았다
trick riding,말타기교예
a trick question,묘한 질문
a trick question,쉬워보이나 실지는 힘든 문제
The details trickled out,자세한것은 차차 알려졌다
old and tried,전적으로 믿을수 있는
a much tried man,많은 시련을 겪은 사람
the tried and true,신뢰할수 있는것
the tried and true,유효성이 증명된것
waste time on trifles,쓸데없는 일에 시간을 랑비하다
a trifle of sugar,적은 량의 사탕가루
I am in no mood for trifling,롱담할 기분이 안난다
trifling thoughts,엉터리없는 생각
be the trigger point for,을 일으키는 동기가 되다
The trigger for the strike was the closure of a mine,파업의 동기는 페갱이였다
the trigger point for military action,군사행동의 동기
A lark was trilling overhead,하늘에서 종달새 한마리가 지저귀고있었다
The caged bird launched into a piercing trill,조롱에 갇힌 새가 째는듯한 소리를 내기시작하였다
trim a lamp,남포등의 심지를 자르다
trim off dead branches,말라죽은 가지를 베여버리다
into trim,적합한 상태로
find everything out of trim,모든것의 상태가 좋지 않다
in marching trim,행군준비를 갖추고
in fighting trim,전투준비를 갖추고
Just a trim please,약간 다듬어주십시오
in trim,날씬하고 몸상태가 좋은
a trim girl,곱살한 처녀
trimmings of lace,레스장식
Trinity House,의 회원
trip up the terrace steps,로대계단을 살랑살랑 뛰여올라오다
trip the green,록지우에서 가볍게 춤추다
trip it,춤추다
a name which trip off the tongue,발음이 슬슬되는 이름
She tripped up during the penultimate lap,그 녀자는 마지막으로 두번째 바퀴돌기에서 발이 걸려 비칠거렸다
a trip for health,휴양려행
make a trip,걸채다
tack tack,와 사이에 배가 전진하는 거리
achieve great triumphs,큰 성과를 거두다
return in triumph,개선하다
a triumphal procession,개선행렬
a triumphal return,개선
a triumphant World Cup team,월드컵우승팀
the trivial round of daily life,평범한 일상생활
transfer RNA,생화학
work like a Trojan,분투하다
work like Trojans,정력적으로 일하다
UN peacekeeping troops,유엔평화유지군
swear like a trooper,함부로 욕설하다
tropospheric scatter,통신
go troppo,미치다
proceed at a trot,총총걸음으로 가다
break into a trot,총총걸음을 놓다
go for a trot,말타기하러 가다
have the trots be on the trot,설사하다
on the trot,쉴새없이 바쁘게 돌아쳐
trot out the old excuse,늘 써먹던 구실을 또 내대다
get into trouble,벌을 받다
get into trouble,곤난하게 되다
i wouldn't want to put you to any trouble,당신을 절대로 고생시키지 않겠습니다
he's been in trouble with the seniors,그는 상급과 말썽이 일어났다
that's the trouble with capitalism,바로 이것이 자본주의의 병집이다
a childrens trouble,어린이병
The helicopter developed engine trouble,직승기는 기관고장이 났다
be a trouble to,에게 성가신 일이다
go to trouble to do,애써 하다
be in trouble s with have a trouble with,와의 사이에 말썽이 있다
make trouble,소동을 일으키다
make trouble,세상을 소란케 하다
labour troubles,로동쟁의
ask for trouble,스스로 재난을 초래하다
Hitching a lift is asking for trouble,지나가는 차를 얻어타고가는것은 경솔한짓이다
A trouble shared is a trouble halved,애로를 남에게 말하면 절반은 더는 셈이다
in trouble,곤경에 빠져
look for trouble,트집을 잡다
look for trouble,우정 말싸움을 걸다
Troubles never come singly,불행은 겹치는 법이다
Dont let it trouble you,그 일때문에 걱정마십시오
be troubled by with neuralgia,신경통으로 고생하다
His eyes troubled him,그는 눈때문에 괴로와했다
i'm sorry you have been troubled,페를 끼쳐 미안합니다
Dont trouble yourself,수고스럽게 그러지 마십시오
trouble about over trifles,하찮은 일로 걱정하다
Dont trouble to explain,애써 변명은 말게
troubled times,란세
troubled times,소란한 세상
look troubled,불안해보이다
fish in troubled waters,혼잡한 틈을 타서 자기 리속을 채우다
a troublesome pupil,말썽많은 학생
troublous times,소란한 시대
the trough of the sea,물결사이의 골
a vast glacial trough,거대한 얼음골짜기
Learning a language is series of peaks and troughs,언어를 배우는 일에낸 굴곡이 심하다
trouser pockets,바지주머니
a pair of trousers,바지 한벌
lay it on with a trowel,지나치게 아양떨다
lay it on with a trowel,덮어놓고 칭찬하다
make a truce,정전하다
coal truck s,석탄화차
truck,를 운전하다
truck,로 나르다
truck up,피사체에 촬영기를 접근시키다
truck back,피사체로부터 멀어지게 하다
I shall stand no truck,시시한 소리는 더 참지 못하겠다
I shall stand no truck,그따위 얼렁수는 듣기조차 싫다
truck,운전수
by the truckload,다량으로 대단히
trudge up the stairs,계단을 무겁게 올라가다
a true story,실화
"It is true that English is a difficult language to learn, but the grammar is quite easy",사실 영어는 배우기 힘든 언어이지만 문법은 아주 쉽다
True you are in the right,정말 너의 말이 옳다
true love,진실한 사랑
a true friend,진짜친구
true to expectations,기대대로
true to type,례식대로의
true to type,전형적인
a translation true to the original,원문에 충실한 번역
a true patriot,충실한 애국자
Many a true word is spoken in jest,롱담에 들을 말이 많다
true to life,실물 그대로의
Take care not to pull the frame out of true,문틀이 제자리에서 빠지지 않도록 주의하시오
Tell me true,정직하게 말하시오
aim true,똑바로 겨누다
It is truly said that time is money,시간은 금과 같다는 말은 지당한 말이다
"Truly ,I dont understand you sometimes",정말 어떤 때는 네가 리해되지 않는구나
a truly good man,정말 좋은 사람
hold some trumps,아직도 으뜸패를 가지고있다 최후수단이 남아있다
play a trump,으뜸패를 내놓다 최후수단을 쓰다
a trumpedup charge,날조된 혐의 과장되여 선전된
Your trumpeter s dead,허풍을 떨지 말게 곧이 들리지 않는걸
the truncate leaf,절단형잎
dashpot,의 작용을 하는 실린더
a trunk stream,본류
a flower truss,꽃송이
a breach of trust,신탁위반
Can you trust your children out of doors,아이들을 바깥에 내버려두어도 일없습니까
He can be trusted to do the work well,그는 그 일을 훌륭히 해낼것입니다
Trust him for that,걱정 놓으라
Trust him for that,그는 그만한건 한다
trust to luck,행운을 바라다
i'd trust him with my life,나는 그에게 내 운명을 맡기겠다
the Public Trustee,공인수탁자
trustee,역할을 하다
"He is of a simple, trusting disposition",그는 단순하고 남을 인차 믿는 성미이다
scientific truth,과학적진리
the truth is that,사실은 이다
in truth,정말
in truth,실제로
in truth,참으로
in truth,실은
nothing could be further from the truth,완전히 거짓이다
Truth lies at the bottom of a well,진리는 우물의 밑바닥에 있다
Truth lies at the bottom of a well,진리는 간단히 찾지 못한다
to be quite truthful,사실대로 말한다면
truth drug,약학
try a jump,뛰여보다
Do try to be punctual,시간을 지키도록 노력하시오
Try our fried chicken,우리 식당의 닭구이를 들어보십시오
Dont try your eyes with that fine print,그런 작은 활자를 보아 눈을 혹사시키지 마시오
he tried but didn't succeed,해보았으나 잘 되지 않았다
will try anything once,새로운 일을 기꺼이 맡아하다
try for a baby,애기를 낳으려고 노력하다
He tried out for the team,팀선수로 되기 위한 시험경기에 참가하다
Its worth a try,한번 해볼만하다
have a try,해보다
break tryst,만날 약속을 어기다
thyroidstimulating hormone,생화학 갑상선자극호르몬
Tshirted T,샤쯔를 입은
"You of all people, Goldie tsktsk","골디, 설마 네가 그러다니 쯧쯧"
a wash tub,빨래함지
a bath tub,목욕통
take a cold tub every morning,아침마다 랭수목욕을 하다
a tub of water,물 한통
eat a tub of yogurt,요그르트 한통을 먹다
Every tub must stand on its own bottom,사람은 누구나 자기를 믿어야 한다
Every tub must stand on its own bottom,아무통이나 반드시 제 바닥이 있는 법이다
a glass tube,유리관
a flexible tube,구부릴수 있는 관
a tin tube,주석관
I caught the tube home,나는 지하전동차를 타고 집으로 갔다
an optic tube,망원경
go down the tube,못쓰게 되다
go down the tubes,형편이 나빠지다
go down the tubes,실패하다
a tubeless tyre,튜브없는 다이야
pulmonary tuberculosis,페결핵
a renal tubule,세뇨관
i'm tuckered out,나는 지쳐버렸다
the Tudors the House of Tudor,튜더가문
Tudor Elizabeth,와 시대의 건축형식의
He tugged at his moustache,수염을 잡아당겼다
give a tug at the bell,초인종끈을 잡아당기다
We felt a great tug at parting,리별하기가 서운했다
tug of love,어린이양육다툼
tug of war,바줄당기기
tulip tree,의 목재
tumble down the stairs,계단에서 굴러떨어지다
Police and dogs tumbled from the vehicle,경찰과 개가 굴다싶이 차에서 내려왔다
come tumbling down,넘어지다
come tumbling down,갑자기 꼬꾸라지다
Removing the debris could cause the rest of the building to come tumbling down,버럭을 치우면 건물의 나머지부분이 풀썩 주저앉게 될수 있었다
shell ring again as soon as she tumble to what she's done,그 녀자는 자기가 무슨 일을 저질렀는지 알게 되면 곧 전화를 걸어올것이요
all in a tumble,완전히 뒤죽박죽이 되여
take a tumble,폭락하다
give a tumble,호의를 보이다
give a tumble,관심을 돌리다
a tumbler of milk,한 고뿌의 우유
a tumid leg,부어오른 다리
with a full tummy,배불리 먹고
A tumult of shouting and screaming broke out,웨침소리와 비명소리가 터져나왔다
tumultuous passions,폭풍같은 격정
Tunbridge Wells,에서 만든 상감세공품
call the tune,지휘하다
call the tune,좌지우지하다
there's many a good tune played on an old fiddle,젊다고 하여 능력있는것이 아니다
to some tune,상당히
to some tune,꽤
to the tune of,의 곡에 맞추어
The radio was tuned to Pyongyang,평양방송에 주파수가 맞추어졌다
be tuned in,에 민감하다
be tuned in,을 알아차리다
be tuned to,에 익숙하다
The animals are finely tuned to life in the desert,그 동물들은 사막생활에 훌륭히 적응하였다
a tuquoque reply,말대꾸
a tuquoque reply,응수
an action turbine,충격타빈
turbocharger,를 장비한 자동차
turbosupercharged,타빈과급기가 달린
on the turf,경마를 업으로 삼아
a regular Turk,형편없이 란폭한놈
turn Turk become Turk,이슬람교도가 되다
turkeytrot turkey trot,를 추다
be in turmoil,혼란상태에 있다
The firemen turned their hoses on the blaze,소방대원들은 화염쪽으로 호스를 돌리였다
Could you turn your chairs to face this way,의자가 이쪽을 향하도록 돌려놔주겠습니까
I turned the talk away from the subject,그 이야기로부터 화제를 돌렸다
turn a ship from her course,배의 침로를 바꾸다
turn cattle to pasture,소를 방목하다
He was turned from the door,문전거절을 당했다
Worry turned his hair grey,걱정으로 그는 머리가 셌다
Success has positively turned his head,성공에 취하여 완전히 제정신이 아니다
A wheel turns on its axis,바퀴는 축을 중심으로 회전한다
"He turned away, hiding the fear in his eyes",그는 눈에 어린 공포를 가리우기 위해 돌아섰다
"She glared at him, turned on her heel, and stomped out of the room",노려보더니 그는 홱 돌아서서 방을 쿵쿵 울리며 나가버렸다
Heights always make my head turn,높은 곳에 오르기만 하면 언제나 머리가 어질어질한다
The snow turned to icy rain,눈이 진눈까비로 변하였다
He turned traitor,반역자로 전락되였다
Every time I turn around he seems to be checking up on me,그는 내내 나를 검토하고있는것 같다
not know which way to turn not know where to turn,어찌할바를 모르다
You cant just turn around and say that it was all my fault,모든것이 다 내 잘못이였다고 왕청같은 말을 하면 되겠소
turn aside,옆으로 비키다
turn aside,옆길에 들어서다
turn full circle,한바퀴 돌고 제자리로 돌아오다
turn heads,각광을 받다
turn heads,커다란 관심을 모으다
turn loose upon the world,놓아주다
turn loose upon the world,자유롭게 해주다
turn tail,뺑소니를 치다
turn tail,꼬리를 사리다
turn the tide,형세를 역전시키다
Many people had turned against the war,많은 사람들이 전쟁을 지지하지 않았다
Consumers are turning away from credit cards,소비자들은 신용카드에 대한 흥미를 잃고있다
Its getting late maybe we should turn back,어두워지는데 되돌아가야 할것 같애
The UN convoy was turned back at the border,유엔수송대는 국경에서 되돌아섰다
"weve promised to help, and there's no turning back",우리는 돕겠다고 약속했으며 그 약속을 변경시킬수는 없다
she's already turned him down,그 녀자는 그의 청혼을 이미 거절하였다
When do the library book have to be turn ed in,도서관에서 빌린 책은 언제 반환해야 합니까
The sofa turns into a bed,쏘파가 침대로 변한다
"Months turned into years, and still there was no letter",달이 가고 해가 바뀌였지만 여전히 편지한장 없었다
"In a flash, the prince turned into a frog",순간에 왕자는 개구리로 변하였다
He turned off the highway and into the town,그는 고속도로에서 벗어나 읍거리로 접어들었다
Everything turned on how much time was available,모든것은 얼마만한 시간이 들겠는가에 달려있었다
"To my surprise, it turned out that I was wrong",놀랍게도 내가 틀린것으로 되였다
As it turned out he passed the exam easily,결국에는 그가 시험을 무난히 통과하였다
The engine turned over twice and then stopped,기관은 두번 돌고나서 멎어버렸다
The works was turn ed over to the production of aircraft parts,공장은 비행기부분품생산에로 전환하였다
let's turn the whole idea round and look at it from another angle,모든것을 뒤바꾸어 다른 각도에서 보기로 합시다
All the missing documents had turned up,잃어버린 문서가 모두 나졌다
Half the guests failed to turn up,손님들중 절반이 도착하지 못하였다
Its your turn,네 차례이다
According to the map we missed our turn back there,지도에 의하면 우리는 저 뒤에서 우리가 옆으로 빠져야 하는 길을 놓쳤다
Take the second turn on the left,왼쪽의 두번째 사이길로 꺾어드시오
there's a sharp turn coming up ahead,이제 앞에 급한 굽인돌이가 있다
Make a left turn at the station,역전에서 왼쪽으로 꺾으시오
take a dramatic turn,극적인 전변을 가져오다
"From then on, our fortunes took a downward turn",그때부터 우리 운명은 내리막길을 걸었다
take a turn for the worse,악화되다
a new turn of events,새로운 사태발전
the turn of the seasons,환절기
the turn of the century,세기와 세기의 분기점
give the screw another two or three turn s,나사를 두세번 더 돌리다
a songanddance turn,가무
give quite a turn,큰 충격을 주다
give quite a turn,를 질겁하게 하다
at every turn,항상
at every turn,도처에서 언제나
by turns,번갈아
by turns,교대로
by turns,차례차례로
in turn,련속하여
in turn,차례로
in turn,순차대로
One good turn deserves another,좋은 일을 해주면 좋은 보답을 받기 마련
out of turn,순서없이
out of turn,순번이 뒤바뀌여
talk out of turn,경솔하게 말하다
speak out of turn,때와 장소를 가리지 않고 말하다
take turns take it in turns,교대로 하다
take turns in pushing the bike along,교대로 자전거를 밀다
take turns to cook,교대로 료리하다
to a turn,적절하게
to a turn,꼭맞게
to a turn,나무랄데없이
This could be a turning point in his career,이것은 그의 사회생활경력에서 전환점으로 될수 있었다
He missed the turnoff to the village,그는 마을로 들어서는 옆길을 놓쳐버렸다
a turnup nose,들창코
talk turpentine,그림을 론하다
turpentine terebinth,을 채취하는 각종 소나무들의 총칭 특히
Tuscany,양식의
Tuscany,사람
Tush tush,잠자코있어 닥쳐
Demonstrators tussled with police,시위자들은 경찰들과 몸싸움을 하였다
tussock,가 많은
a private tutor,가정교사
cut in twain,둘로 자르다
an American twang,미식영어의 코소리
He tweaked the boys ear,그는 소년의 귀를 가볍게 비틀었다
The brows were tweezed to an almost invisible line,눈섭은 족집게로 뽑아 거의 보이지 않은 선으로 되였다
Twelfth Night,의 축하과자
Twelfth Night Twelfth Day,및 의 계절
strike twelve the first time strike twelve all at once,처음부터 모든 능력을 발휘하다
twenty and twenty,수없이 많은
twenty and twenty,다수의
like twenty,매우
like twenty,몹시
like twenty,아주
once or twice,한두번
twice or thrice,두세번
twice or thrice,재삼
a twicelaid rope,재생바줄
She twiddled the dials on the radio,그 녀자는 라지오의 주파수맞추개를 돌리였다
at twilight in the twilight,황혼이 깃들 때
twilled fabrics,릉직물
twin brothers,쌍둥이형제
doubleheader,체육
The river twined to the sea,강은 굽이쳐 바다로 흘러들어갔다
in a twink,순식간에
in a twinkle,순식간에
in a twinkle,눈깜빡할사이에
a twinkletoed midfielder,재빠른 중간방어수
in a twinkling,눈깜빡할사이에
in the twinkling of an eye,순식간에
She twirled in delight to show off her new dress,그 녀자는 새옷을 보여주려고 기쁨에 겨워 한바퀴 빙 돌았다
do a twirl in front of the mirror,거울앞에서 한바퀴 돌다
twist off,비틀어끊다
He twisted it out of my hand,그는 내손을 비틀어 그것을 빼앗았다
Beetroot can be stored once the leaves have been twisted off,일단 잎을 비틀어떼내면 사탕무우는 저장할수 있다
round the twist,머리가 돌아서
twists and turns,굽이침
twitch a cigarette out of the packet,곽에서 담배 한대를 쭉 뽑다
The dog twitched his ears,개가 귀를 쫑긋거렸다
She twitched at my sleeve,나의 소매를 잡아당겼다
a twitch of toothache,심한 이아픔
all of a twitch,두려워하며
all of a twitch,벌벌 떨고
at a twitch in a twitch,순식간에
at a twitch in a twitch,곧
a day or two,하루이틀사이
fall between two stools,게도 구럭도 다 잃다
put two and two together,사실로부터 명확한 결론을 얻다
put two and two together,이것저것 종합하여 생각하다
put two and two together and make five,사실로부터 부정확한 결론을 얻다
Two heads are better than one,백지장도 맞들면 가볍다
I dont care twopence,조금도 상관치 않는다
twopence coloured,값눅고 화려한
twostep,로 춤추다
tuyere,야금
the mining tycoon,광업계의 거두
the tycoon s government,도꾸가와막부
a tying agreement,조건부계약
an perfect type of modern architecture,현대건축의 훌륭한 본보기
the vertebrate type,척추동물형
in type,인쇄준비가 되여
typecast,연극
type from copy,원고를 보면서 타자치다
She types well,타자를 잘 친다
"Tough, lowlying vegetation typifies the arctic area",거칠고 키가 낮은 식물들은 이 북극지역의 특징으로 된다
a typographic art,활판인쇄술
The lord tyrannized over the servants,군주은 노예들을 막 부려먹었다
rubber tyred,고무다이야를 댄
a U tube U,자관
ubiquitous fog,사방에 자욱한 안개
upper case,인쇄
Unilateral Declaration of Independence,일반적독립선언
an ugly smell,고약한 냄새
an ugly sound,귀에 거슬리는 소리
an ugly sea,물결이 사나운 바다
ask an ugly question,심술궂은 질문을 하다
underwater launched guided missile,수중발사유도미싸일
ultrahigh frequency,통신 극초단파
a gastric ulcer,위궤양
ultra largescale integration,초대규모집적회로
ulterior regions,오지
ulterior regions,산골
ulterior regions,두메고장
for the sake of ulterior ends,생각하는바가 있어서
He has an ulterior object in view,그에게는 속꿍꿍이가 있다
to the ultimate ends of the earth,이세상 끝까지
the ultimate end of struggle,투쟁의 최종목적
the ultimate victory of socialism,사회주의의 종국적승리
ultimate goals of life,인생의 최고목적
in the ultimate,드디여
in the ultimate,마지막에
ultraconservative forces,초보수파세력
ultramicrofiche,사진
an ultralight engine,초경량기관
ltrlat,초경량물건
Alps,산줄기 남쪽의 이딸리아의
Alps,산줄기남쪽의 사람
Alps,산줄기북쪽의 사람
ultrashort wave broadcasting,초단파방송
ultrasonic wave,초음파
ultraviolet rays,자외선
umbilical surgery,배꼽수술
the umbilical region,배꼽부위
price umbrella,최고가격을 억제하는것
under the Conservative umbrella,보수당산하에
an umbrella organization,포괄적인 조직
urban management information system,도시행정관리정보체계
umpire in a labour dispute,로동쟁의를 중재하다
umpteen years ago,여러해전에
young uns,젊은이들
I am unable to walk,걷지 못한다
sing unaccompanied,반주없이 노래부르다
a sonata for unaccompanied violin,무반주바이올린을 위한 쏘나타
an unaccounted for accident,원인불명의 사고
unaccustomed to hardships,고생을 해보지 못한
He was quite unaffected by the appeal,그는 애원하는데도 전혀 마음이 흔들리지 않았다
with the unaided eye,육안으로
with the unaided eye,맨눈으로
unAmerican activities,반미활동
a unanimity of consent,만장일치의 찬성
with unanimity,만장일치로
a unanimous aspiration for the countrys reunification,조국통일에 대한 한결같은 지향
greet with unanimous applause,만장의 박수갈채로 환영하다
arrive unannounced,갑자기 도착하다
an unapproachable spot,접근할수 없는 지점
be unapt at games,경기를 잘 못하다
I am unapt to go there,나는 거기에 갈 생각이 없다
an unarmed area,비무장지대
the unassisted eye,육안
an unassuming and kind man,겸손하고 친절한 사람
The queen was unattended,녀왕은 수행원이 없이 나왔다
an unavoidable delay,불가피한 연기
unavoidably,불가피하게
unawares to,을 눈치채지 못하고 에게 눈치를 채이지 않고
at unawares,갑자기
at unawares,뜻밖에
an unbacked product,품질에 대한 보증이 없는 제품
unbalanced books,미결산장부
an unbecoming hat,어울리지 않는 모자
unbend the mind from study,학습으로 인한 긴장성을 풀다
come unbound,풀려나오다
the uncanonical books,외경서
the uncanonical books,외전
uncaring the colours,군기를 휘날리다
uncertain weather,변덕스러운 날씨
in no uncertain terms,명백하고도 힘있게
uncertainty of temper,변덕
unclassified plans,군사기밀이 아닌 계획
i'll be a monkeys uncle,아이구 깜짝이야
Pork is an unclean meat for Muslims,돼지고기는 이슬람교도들에게 부정한것으로 되여있다
unclog a drain,뺄물길이 막힌것을 열다
a life of unclouded happiness,명랑하고 행복한 생활
an uncommitted crime,미수죄
a man of uncommon quality,비범한 소질을 가진 사람
not uncommonly,가끔
not uncommonly,자주
After that he was unconscious for several minutes,그후 몇분동안 인사불성이였다
uncontrollable anger,억제할수 없는 노여움
an uncorrectable disease,불치의 병
uncountable myriads of bacteria,무수한 세균
uncover a plot to smuggle weapons into a country,나라에 무기를 밀수하려던 음모를 발가놓다
uncrowded beach,붐비지 않는 해변가
United Nations Conference on Trade and Development,유엔무역개발회의
a sermon lacking in unction,종교적열정이 없는 설교
in an unctuous voice,사람을 녹이는 목소리로
United Nations Disarmament Commission,유엔군축위원회
an undecided question,미해결문제
an undecided character,우유부단한 인물
an undefined feeling of sadness,왜선지 슬픈 감정
an undefined term,정의되지 않은 용어
undelivered letters,배달되지 않은 편지
undeniable evidence,움직일수 없는 증거
under the sun,천하에
under the sun,지상에
under a wall,담장밑에
under a wall,담장그늘에 숨어서
under water,침수되여
under water,물에 잠기여
a few acres under corn acre,밀을 심은 몇의 땅
under the skin,피하에
under a delusion,착각하여
under a delusion,잘못 생각해서
I was under a mistake,나는 잘못 생각했었다
It is forbidden under pain of death,그 금지사항을 어기는 사람은 사형에 처한다
under the rule of Japanese imperialism,일제통치하에
under a vow of secrecy,비밀을 지킬것을 맹세하고
His tears are under control,그는 눈물을 억제하고있다
The rest come under this class,나머지는 이 부류에 속한다
under a false name,가명을 하고
under such conditions,그러한 조건하에
under these circumstances,이러한 사정이므로
under layers,아래층
under layers,하층
an under cook,료리사의 조수
an undercover investigation,비밀조사
an undercover agent,간첩
work undercover in France,프랑스에서 비밀첩보원으로 사업하다
the underemployed,불완전취업자
the most dejected and underfoot group of people,가장 천대받고 짓밟힌 사람들
undergo a rapid change,급격히 변화하다
undergo a rapid change,급격한 변화를 겪다
undergo trials,시련을 견디다
an underground cellar,지하실
an underground nuclear test,지하핵시험
an underground passage,지하통로
an underground movement,지하운동
underground political activities,비밀정치활동
an underground church,비정통교회
the underground economy,지하경제
travel by underground,지하철도로 가다
sickly and undergrown cattle,약하고 제대로 크지 못한 소
the fundamental issue which underlies the conflict,그 분쟁의 근원으로 되는 근본적인 문제
translate the underlined part,밑줄을 그은 부분을 번역하다
an underlying mortgage,선위저당
an underlying mortgage,제일담보
undermine the foundation of,의 기초를 위태롭게 하다
underpin a ship with long props,배밑에 긴 버팀목을 버티다
Minorities are underrepresented at high levels,상층부에는 소수민족이 거의 없다
undersea life,바다속에 사는 생물
a medically underserved community,의료시설이 불충분한 사회
underlie,광산
undershot wheel,밑돌림식물방아
"I, the undersigned",서명한 사람인 저
Can you understand Korean,조선말을 아십니까
a verb that may be expressed or understood,넣을수도 있고 생략할수도 있는 동사
"He is ill, I understand",들은바에 의하면 그는 앓는다고 한다
I was given to understand that I could expect no help from them,나는 그들로부터는 아무런 도움도 바랄수 없다는것을 깨달았다
It is understood that,은 말할것도 없다
It is understood that,은 물론이다
understand each other,서로 리해하다 공모하다
for understandable reasons,리해할수 있는 리유로 하여
obtain a deep understanding of the Partys policies,당정책을 깊이 체득하다
his understanding of the event,그 사건에 대한 그의 견해
have an understanding with,와 합의에 이르다
on the understanding that,이라는 조건으로
a kindly understanding woman,친절하고 리해심이 있는 녀인
He undertook to guide us up and down the hill,그는 우리를 안내해서 그 산을 오르내리겠다고 약속했다
Such experiments should be undertaken with caution,그러한 실험은 조심해서 해야 한다
Its quite an undertaking,그것은 대단히 큰 사업이다
speak in undertones,작은 목소리로 이야기하다
an underwater camera,수중촬영기
an underwater gun,수중용총
The seal spends a lot of time underwater,넝에는 많은 시간을 물속에서 보낸다
an underweight baby,표준체중에 못미치는 아기
an undesirable person,달갑지 않은 사람
escape undetected,발견되지 않고 도망치다
His enthusiasm for the game remains undiminished,그의 경기열은 식지 않는다
with undisguised pleasure,참으로 기쁜듯이
He is undisposed to join us,그는 우리에게 가담할 생각이 없다
undivided attention,전심
This error undid all our efforts,이 실수로 우리의 모든 노력이 수포로 돌아갔다
Iagos hatred of women undoes him,이아고는 녀성에 대한 증오심때문에 자기를 망친다
undocumented immigrants,밀입국자들
The bandage on my left hand had come undone,내 왼손에 맸던 붕대가 풀렸다
come undone,풀리다
come undone,실패하다
come undone,파멸하다
an undoubted fact,확실한 사실
United Nations Development Programme,유엔개발계획
United Nations Disaster Relief Organization,유엔재해구제기구
Dont treat the matter with undue haste,그 문제를 너무 서둘러서 처리하지 말라
The flag undulates in the breeze,산들바람에 기발이 나붓긴다
an unearthly scream,소름이 끼치는 비명
She gave an uneasy laugh,그 녀자는 어색하게 웃었다
feel uneasy in tight clothes,끼는 옷을 입어서 거북하다
feel uneasy about,에 불안을 느끼다
feel uneasy about,이 걱정이 되다
grow uneasy at,이 불안해지다
have an uneasy conscience,마음이 꺼림직하다
pass an uneasy night,불안한 하루밤을 지내다
an unemployed labourer,실업로동자
unemployed capital,유휴자본
unending bliss of our people,우리 인민의 영원한 행복
in an unenviable position,난처한 형편에
United Nations Environment Programme,유엔환경계획
a man of unequable temper,변덕쟁이
an unequal pulse,부정맥
He will be unequal to the task,그는 그 과업을 감당하지 못할것이다
unequivocal evidence,명백한 증거
an unerring sense of direction,정확한 방향감각
unestablished facts,미확인사건
a man of uneven temper,변덕스러운 사람
uneven numbers,홀수
unexpected news,생각지도 않은 소식
The sun is a source of unexpendable quantities of energy,태양은 무진장한 에네르기원천이다
with an unexpressive face,표정이 없는 얼굴로
a novel of unfailing interest,흥미진진한 소설
an unfaithful transcript,부정확한 사본
be unfamiliar with a subject,어떤 문제에 정통하고있지 못하다
unfasten a button,단추를 벗기다
hold an unfavourable opinion of,에 대하여 비판적인 의견을 가지고있다
an unfavourable wind,맞바람
an unfavourable omen,흉조
the unfavourable balance of trade,수입초과
an unfeeling man,랭혹한 사람
unfetter the prisoner,죄수의 족쇄를 풀어주다
leave the letter unfinished,편지를 쓰다가 내버려두다
an unfinished style,세련되지 않은 문체
be unfit for such a profession,그러한 직업에는 적임이 아니다
Drink unfits a man for work,사람은 술을 마시면 일을 할수 없게 된다
unflagging enthusiasm,지칠줄모르는 열정
an unfocused meeting,산만한 회의
His voice quavered with an unfocused rage,그의 목소리는 분별을 잃은 분노로 하여 떨렸다
Unfold your arms,팔짱을 끼지 마시오
unfold late in fall,늦가을에 꽃피다
as the story unfolds,이야기가 전개됨에 따라서
an unforced smile,아주 자연스러운 미소
an unfortunate beginning,불길한 시작
Unfortunately he rejected the offer,유감스럽게도 그는 그 제의를 거절하였다
environment unfriendly,환경에 나쁜 작용을 하는
unfruitful land,불모의 땅
an unfunded debt,단기차입금
a young man unfurnished with skill,기술을 가지지 못한 젊은이
an unfussy life style,단순한 생활방식
United Nations General Assembly,유엔총회
the ungirt thinking,산만한 생각
unglue a label from a bottle,병에서 표딱지를 떼여내다
an ungodly noise,지독한 소음
ungracious behaviour,무례한 행동
persons ungrateful to their superior,웃사람을 고맙게 여기지 않는 사람들
an unguided tour,안내자가 없는 유람려행
unhallowed ground,신성하지 않은 땅
unhallowed practices,간계
unhallowed practices,흉계
an unhappy meeting,공교로운 상봉
an unhappy omen,흉조
an unhealthy climate,건강에 해로운 기후
My protest went unheard,나의 항의에 누구도 귀를 기울이지 않았다
an unholy row,굉장한 소동
an unhopedfor piece of good luck,뜻하지 않은 행운
unhulled rice,벼알
the Uniate churches,합동동방카톨릭교회
an unidentified flying object UFO,미확인비행물체
unidirectional current,한방향전류
United Nations Industrial Development Organization,유엔공업개발기구
uniform acceleration,등가속도
uniform motion,등속운동
a school uniform,교복
in full uniform,군사 정복으로
in fulldress uniform,군사 례복으로
in uniform,군복으로
out of uniform,평복으로
undress uniform,근무복
FBI,의 범죄총계보고서
a uniformity of elements,각 요소가 서로 비슷한것
unify the opposition,야당을 통합하다
a unilateral approach,일면적인 연구
a unilateral contract,편무계약
unimpeachable evidence,뚜렷한 증거
news from an unimpeachable source,아주 믿을만한 소식통에서 나온 새소식
uninhibited freedom to act,억제되지 않은 행동의 자유
an uninspired performance,평범한 연기
an uninvited guest,불청객
a region with an uninviting climate,기후가 좋지 않은 지방
in union,화합하여
in union,함께
an ideal union,리상적인 남녀의 결합
a trade union,로동조합
Down with Imperialism Union,타도제국주의동맹
union nut,기계 접합나트
fly a flag union down,조난신호로 기발을 거꾸로 달다
unionized workers,로동조합에 든 로동자
Language is unique to man,언어는 사람에게만 특유한것이다
a unique experience,희귀한 경험
a unisex toilet,남녀가 다 같이 쓰는 변소
in unison with,제주로
in unison with,제창으로 일제히 일치하여
in unison with,조화하여
an administrative unit,행정단위
a tactical unit,전술단위
unit of volume,단위체적
unit area,단위면적
a unitary state,단일국가
the unitary method,단위화방법
unite two neighbouring portions of land,린접한 두 부분의 땅을 하나로 하다
She united intellect with sensibility,그는 지성과 감수성을 겸비하고있었다
Oil and water will not unite,기름과 물은 하나로 합쳐지지 않는다
unite as one,한사람같이 단결하다
She united with her sister in evading the event,그는 동생과 협력하여 그런 사태를 피하려고 하였다
break into a united laugh,한꺼번에 웃음을 터뜨리다
present a united front,공동전선을 펴다
"be united under the antiimperialist, antiUS banner",반제반미의 기치밑에 결속되다
"United we stand, divided we fall",뭉치면 살고 흩어지면 죽는다
unity and multiplicity,하나와 많은것
unity and multiplicity,단일성과 다양성
the family unity,가정의 화목
national unity,민족적단합
unity in purpose and action,목적과 행동에 있어서의 불변성
the unity in ideology and will,사상의지의 통일
universal rules,일반적법칙
a universal trend,일반적인 경향
a universal peace,세계평화
Taekwondo is universal,태권도는 누구나 다 알고있다
a book of universal information,모든 지식을 포함한 책
a universal maid,잡부
a universal maid,잡일을 하는 하녀
a universal lathe,만능선반
a universal agent,총대리인
the universal cause,조물주
the universal cause,우주원인
universal gravitation,만유인력
universal proposition,전칭명제
Music is a universal language,음악은 세계 어디에서나 리해되는 표현이다
the universe of discourse,론의령역
a university man,대학생 대학출신자
unjust enrichment,부정축재
that's very unkind of you,당신도 참 몰인정한 사람이군
The weather proved unkind,날씨는 나빴다
look unkindly,쏘아보다
at look unkindly on,에게 무서운 낯을 하다
take it unkindly,나쁘게 해석하다
be unknowing of politics,정치를 모르다
unknown heroes,이름없는 영웅들
the unknown parts of Antarctica,남극대륙의 탐험하지 않은 부분
venture into the unknown,미지의 세계에 들어가다
The table is still unlaid,식탁이 아직 준비되지 않았다
an unlawful act,비법행위
unlawful entry,불법침입
I will go unless it rains,비가 오지 않는 한 가겠습니다
Never a day passes unless some traffic accidents occur in America,미국에서는 교통사고가 일어나지 않는 날이란 하루도 없다
"Nothing, unless an echo, was heard",메아리외에는 아무것도 들리지 않았다
The picture is quite unlike him,그 그림은 그와 비슷하지도 않다
How unlike you to read such a book,어떻게 너답지 않게 그런 책을 다 보니
in the unlikely event of,있음직도 하지 않지만 만일 한 경우에는
It was considered highly unlikely,전혀 승산이 없는것으로 간주되였다
unlimited trade,무제한 무역
unlisted securities market,비상장증권시장
unload the cargo from a ship,배에서 짐을 부리다
unload a gun,총포에서 탄알을 빼다
an unlucky day,재수없는 날
in an unlucky hour,공교롭게도
in an unlucky hour,공교로운 때에
an unmanned aircraft,무인조종비행기
not unnaturally,무리한 일이 아닌
pass unnoticed,간과되다
pass unnoticed,무시당하다
an unoccupied house,빈집
An unoccupied person can easily get into trouble,빈둥거리는 사람은 쩍하면 말썽을 일으킨다
send back a letter unopened,편지를 뜯어보지 않고 도로 보내다
an unorganized team,째이지 않은 팀
unorthodox medicine,비정통의학
unparliamentary language,분별없는 말
unparliamentary language,불손한 말
unparliamentary language,악담
unparliamentary language,독설
unpile a heap of stones,돌산을 허물다
have a slight unpleasantness with,와 좀 기분나쁜 일이 있다
an era of unprecedented prosperity,전례없는 번영의 시기
unprofitable servants,형식적으로 하는 사람
unprofitable servants,맡은 일외에는 스스로 더 하려고 하지 않는 사람
an unprotected orphan,보호자가 없는 고아
an unprovoked anger,까닭없는 분노
He is unqualified to teach others,그는 남을 가르치기에는 적당치 않은 사람이다
an unqualified success,완전한 성공
unravel a mystery,수수께끼를 풀다
unravel a situation,국면을 타개하다
We are unready to start,우리는 떠날 차비가 되여있지 않다
unrealizable assets,현금으로 바꿀수 없는 자산
an unreasonable demand,부당한 요구
an unreasoning hatred,당치 않은 증오
the unreflected heat of the sun,태양의 직사열
an unregenerate sinner,회개하지 않은 죄인
unremitting efforts,부단한 노력
an unresolved problem,미해결문제
internal unrest,내란
an unrestricted expressway,속도제한이 없는 고속도로
unrig a ship,배의 의장을 풀다
unrighteously unrighteousness,부정
unrighteously unrighteousness,불의 사악
United Nations Relief and Rehabilitation Administration,유엔구제부흥기관
United Nations Relief and Works Agency,유엔구제사업기관
Better leave it unsaid,입밖에 내지 않는것이 좋다
unsanitary living conditions,비위생적인 생활조건
an unsavoury past,불미스러운 과거
United Nations Security Council,유엔안전보장리사회
an unscheduled airplane flight,비정기적인 비행기편
unscheduled landing,불시착륙
unseal a tomb,무덤을 파헤치다
unseasoned wood,생나무
unsettled nomads,여기저기 옮겨사는 유목민
lead an unsettled life,여기저기 옮겨가며 살다
unsheathe the sword,칼을 뽑다 전쟁을 시작하다
raise unshirted hell,큰 소란을 피우다
raise unshirted hell,극도로 화내다
an unskilful mountainer,미숙한 등산가
unslaked lime,생석회
an unsociable person,내성적인 사람
unsolder ties of friendship,친선의 뉴대를 끊다
a relatively unsophisticated mechanism,비교적 복잡하지 않은 기계장치
an unsound old chair,흔들흔들하는 오래된 의자
of unsound mind,정신이상의
of unsound mind,정신이상이 있는
with unsparing hand,아낌없이
unspeakable grief,말할수 없는 슬픔
the tower unstable in the wind,바람에 흔들거리는 탑
be unsteady of purpose,목적이 확고하지 않다
unsteady development,불균형적인 발전
unstratified rocks,무성층암
an unstratified society,계급이 없는 사회
His nerves are all unstrung,그는 완전히 제정신이 아니다
come unstuck,떨어지다
come unstuck,실패하다
come unstuck,허물어지다
come unstuck,못쓰게 되다
My plan has come unstrung,계획은 실패했다
an unsubstantial building,든든하지 못한 건물
an unsubstantial meal,실속없는 식사
an article unsuitable for import,수입에 맞지 않는 물건
She is unsuitable for the role,그 녀자는 그 역에는 맞지 않다
follow the example of the unsung heroes,숨은 영웅들의 모범을 따라배우다
unsuspected small living creatures,있다고는 예상되지도 않은 미생물
untapped new sources of energy,미개발의 새로운 에네르기원천
United Nations Trusteeship Council,유엔신탁통치리사회
an unthankful child,은혜를 모르는 아이
untie the spell,주문을 풀다
It was not until yesterday that I noticed it,나는 어제야 비로소 그것을 알았다
I will wait here until the concert is over,음악회가 끝날 때까지 여기에서 기다리겠습니다
He did not come until the meeting was half over,그는 회의가 절반이나 지나가서야 비로소 나타났다
He worked and worked until he was exhausted,그는 기진맥진할 때까지 일했다
an untimely frost,때 아닌 서리
the untinged sky,빨갛게 물들지 않은 하늘
"I say unto you, be gone",제발 부탁인데 썩 사라지시오
Marriage was forever unto death,결혼이란 죽을때까지 영원한것으로 되여있었다
cause untold damage,막대한 손해를 입히다
untouchable articles in the museum,손을 대면 안되는 박물관의 전시품
untoward circumstances,역경
leave nothing untried,온갖 짓을 다 해보다
leave no means untried,갖은 수단을 다 쓰다
an untrue statement,허위진술
by an untrue means,옳지 않은 수단으로
an untruthful report,사실과 다른 보고
be unused to labour,로동에 익숙해있지 않다
the unvarnished truth,있는 그대로의 진실
an unwelcome guest,불청객
be unwilling to go,가고싶지 않다
willing or unwilling,좋든싫든
unworthy of,의 가치가 없는
an unwound clock,태엽이 풀린 시계
an unwritten agreement,구두계약
Hands up go up in an elevator,손들엇 승강기를 타고 올라가다
Come up here,여기로 올라오시오
The river is up,강물이 불었다
The tide was up,조수는 밀물이였다
Up,일어나라 서라
Part of the building was already up,그 건물의 일부는 이미 세워져있었다
The sun is up,해가 떠있다
He came up from the underground,그는 지하에서 올라왔다
The office is up on the top floor,사무실은 맨 웃층에 있다
as far up as Sonbong,북쪽은 선봉까지
She went straight up to the door,곧바로 문쪽으로 다가갔다
He came up to me,나에게 다가왔다
up till now,지금까지
Come up here,이리 오너라
My son is still up,아들은 아직 대학에 다니고있다
She is up at the head of her class,학급에서 첫 자리를 차지하고있다
from my boyhood up,나의 소년시절부터 쭉
The piano is up a tone,피아노는 한 음정 올라가있다
Speak up,큰 소리로 말하시오
Keep your voice up,목소리를 높이시오
fire up,타오르다 불끈 성을 내다
The team is up for the game,경기를 앞두고 그 팀은 기세가 등등하다
start up the engine,기관의 시동을 걸다
The question came up for discussion,그 문제가 의제에 올랐다
The lost book has turned up,없어졌던 책이 나타났다
It came up in conversation,그것이 화제로 되였다
Whats up,뭐야
Whats up,웬일이냐
Something is up,무슨 일이 생겼다
be burned up,다 타버리다
be used up,다 써버리다
clean up a room,방을 깨끗이 청소하다
pull up a car,차를 세우다
store up fuel for winter,겨울나이용으로 연료를 저장하다
tear up a letter,편지를 뜯다
take up a street,거리를 파헤치다
Its all up,만사가 다 틀어졌다
Its all up,이젠 다 됐다
The game is up,이것으로 끝났다
The game is up,만사가 끝장이다
pack up,짐을 꾸리다
bind up,붕대를 감다
chain up,사슬로 잇다
fasten up,꽉 동여매다
lock up,자물쇠를 든든히 채우다
tie up,든든히 매다
This ship is up for Wonsan,이 배는 원산행이다
with a new jockey up,새로운 기수가 말을 타고
lie face up,벌렁 드러눕다
be up all night stay up all night,밤을 꼬박 새다
you see the questions i'm up against,내가 부닥치고있는 문제를 아시겠지요
He is a bad man to be up against,그는 상종못할 사람이다
up and doing,빨랑빨랑하는
up and doing,멍청해있지 않는
up and down,올라갔다내려갔다하는
up and down,아래우로
My relationship with her was up and down,그 녀자와 나의 관계는 좋아졌다나빠졌다 했다
up close,바로 가까이에서
up close,바싹 다가와
This piano is up for sale,이 피아노는 팔려고 내놓은것이다
up there,저 높은곳에서 저승에서 저기에
He is not up to his father as a scholar,그는 학자로서는 자기 아버지를 따르지 못한다
He is no longer up to his work,그는 더는 일할수가 없다
What have you been up to,무엇을 하고있었나
Its entirely up to you,그것은 전적으로 자네에게 달려있네
She was here up until yesterday,그 녀자는 어제까지 쭉 여기 있었다
Up with you,일떠서라
Up with you,일어나라
live up a hill,언덕우에 살다
go up a ladder,사다리를 오르다
row up the stream,노를 저어 올라가다
go up the wind,바람부는쪽으로 나아가다
live a few miles up the coast,바다가에서 몇마일 내륙에서 살다
He went up Changjon,창전으로 갔다
up top,머리에
up top,뇌수에
a man with nothing much up top,머리에 든것이 없는 사람
on the up grade,올리막에
the up side,웃쪽
an up train,쪽으로 올라가는 렬차
an up platform,올라가는 선의 역홈
money up on the match,경기에 걸린 돈
an up movie,기분을 돋구어주는 영화
a strong up wind,센 맞바람
hit a ball on the up,튀여오르는 공을 치다
on the up,올리막길로 일이 잘되는
a house full of ups and downs,계단이 많은 집
"Up men, and fight until our enemies are defeated","병사들이여 일어서라, 원쑤들이 패할 때까지 싸우라"
He upped and died,갑자기 죽었다
an up and down lie,새빨간 거짓말
on the upandup,잘되여
on the upandup,성공하여
on the upandup,번영하여
on the upbeat,향상하여
an upbound train and freighter,북으로 향하는 기차와 화물선
upconverter,로 변환하다
The road went uphill,길은 올리막으로 되였다
an upland village,고지마을
plft,들어올리는 힘
a moral uplift,도덕적향상
upon my word,맹세코
depend upon it,틀림없이
depend upon it,꼭
once upon a time,옛날에
once upon a time,옛날옛적에
the upper side,웃쪽
the upper side,상부
in the upper air,하늘높이
in the upper air,상공에
the upper school,상급학교
the Upper Cambrian,후기캄브리아기
an upperbracket taxpayer,고액납세자
thin in the upper crust,머리가 이상한
the uppermost peaks of the mountain,그 산의 최고봉
the uppermost class of society,사회의 최상류계급
He said whatever came uppermost,그는 아무거나 얼핏 생각나는대로 말했다
uprear children in a good environment,어린이들을 좋은 환경에서 키우다
uproarious laughter,큰웃음
Millions of people were uprooted by the war,수백만의 사람들이 전쟁으로 집과 땅을 잃었다
uninterruptible power supply,무정전전원장치
have a stomach upset,위상태가 좋지 못하다
in the upshot,끝내
in the upshot,드디여
turn the table upside down,밥상을 뒤집어엎다
The star was upstaged by the child actor,그 인기배우는 어린이역을 하는 배우에게 인기를 빼앗겼다
be empty upstairs,머리속은 텅 비여있다
kick upstairs,허울뿐인 보다 높은 자리에 올려앉히다
an upswing in the stock market,증권시세의 오름세
Universal Postal Union,만국우편동맹
a kite upwafted by the breeze,바람을 타고 높이 떠오르는 연
cast an upward glance,힐끗 올려다보다
uranic acid,우란산
"I did it, urged by necessity",꼭 필요해서 그렇게 했다
He urged upon us the importance of the measure,그는 우리에게 그 조치의 중요성을 력설하였다
He had the urge to fight against the oppressors,그는 압제자들을 반대하여 싸우고싶은 강한 충동을 느꼈다
a sense of urgency,절박감
an urgent telegram,지급전보
an urgent motion,긴급제의
on urgent business,급한 일로
urinary disease,비뇨기질환
urinary organs,비뇨기
urinary bladder,방광
urinary calculus,뇨석
Give us a penny,한푼만 주시오
This fact shows us that,이 사실에서 하다는것을 알수 있다
We laid us down,우리는 드러누웠다
annual usage,년간사용량
social usage,사교상의 관례
according to usage,관례에 따라
modern English usage,현대영어관용법
the current usage of Americanism,현대미국어법
come into usage,쓰이게 되다
go out of usage,쓰이지 않게 되다
bills drawn at usance,관습기간부의 수형
United States Department of Agriculture,미국농무성
use every opportunity,모든 기회를 리용하다
know how to use dictionaries properly,사전을 옳게 리용하는 법을 알다
May I use your telephone,전화를 써도 되겠습니까
I was being merely used,나는 다만 리용당하고있었을 따름이였다
use force,폭력을 쓰다
"They used him like an old, familiar friend",그들은 마치도 그를 잘 아는 오랜 친구처럼 대했다
How is the world using you,요사이 재미가 어떻습니까
use language,욕지거리를 퍼붓다
use the sea,선원생활을 하다
Use your pleasure,마음을 푹 놓으세요
be in use,사용중
be in use,쓰이고있다
things in daily use,일용품
Your country has use for you,조국이 자네를 필요로 하고있네
use and won't,관습
use and won't,관례
bring into use come into use,을 사용하기 시작하다
It is no use crying over spilt milk,엎지른 물을 다시 담을수 없다
go out of use be out of use,쓸모없이 되다
have no use for,은 쓸데없다
have no use for,할 필요가 없다
have the use of,하는 습관이 있다
in use,쓰이고있는 일반적으로 리행되고있는
maps for use in school,학교용괘도
put to use,리용하다
put to use,쓰다
Once a use forever a custom,세살적버릇이 여든까지 간다
Use makes perfect,배우느니 익혀라
use and won't,관습
with use,늘 써서
be used to,에 익숙해져있다
get used to become used to,에 익숙해지다
I used to see him often,이전에는 그를 자주 만나군하였다
He came earlier than he used to,여느때보다 일찍 왔다
used cars,중고차
useful books for new students,신입생에게 유익한 책들
This article is useful to have in the house,이 물건이 집에 있으면 편리하다
a useful member,유능한 성원
She is pretty useful at cooking,그 녀자의 료리솜씨는 제법이다
uselessly,무익하게
uselessly,쓸데없이
uselessly,헛되이
the habitual user of,을 상습적으로 쓰는 사람
usher a guest to the drawing room,손님을 응접실에 안내하다
The return of swallows ushered in spring,돌아온 제비들이 봄을 알렸다
United States Information Agency,미국해외정보국
United States Information Service,미국공보원
earlier than usual,여느때보다 일찍
in the usual way,여느때와 같이
as is usual with,에게 있어서는 보통 있는 일이지만
It is usual with him to be late,그가 늦어지는것은 보통이다
He says the usual things,흔해빠진 소리만 한다
out of the usual,진귀한
out of the usual,보통이 아닌
more than usually late,평상시보다 늦은
He usually visits us on Sunday afternoons,그는 여느때에는 일요일 오후에 찾아온다
a usurious rate of interest,아주 높은 리자
with usury,리자를 붙여서
Utah,주사람
farming utensils,농기구
utensils of war,무기
sacred utensils,성기
sacred utensils,교회용기구
household utensils,가정용품
uterine descent,아버지가 다른 자손
uterine descent,어머니는 같고 아버지가 다른 계통
from the merely utilitarian point of view,다만 실용주의적인 견지에서
of no utility,소용없는
of no utility,쓸모없는
of no utility,무익한
from the point of view of practical utility,실리적인 관점에서
marginal utility,경제 한계효용
a matter of the utmost importance,더없이 중요한 일
with the utmost effort,최대의 노력을 하여
get the utmost out of,을 최대한 활용하다
to the utmost,최대한으로
to the utmost,극도로
a Utopian scheme,비현실적인 계획
in utter darkness,새까만 어둠속에서
that's utter nonsense,그건 순전히 허튼소리다
an utter denial,단호한 부인
an utter stranger,생판 모르는 남
a man of good utterance,말재간이 있는 사람
defective utterance,발음불완전
to the utterance,죽을 때까지
to the utterance,마지막까지
sink utterly to the bottom of the sea,완전히 바다밑에 가라앉다
an expression of vacancy,멍청한 표정
a vacant lot,빈 땅
a vacant room in a hotel,려관의 빈 방
give a vacant laugh,멍청한 웃음을 짓다
look into vacant space,허공을 바라보다
be vacant of sympathy,동정심이 없다
They are on vacation from school,학교는 방학중이다
have a vacation at the seaside,바다가에서 휴가를 보내다
rabies vaccination,미친개병예방주사
vaccinationist,예방접종론자
a vaccine farm,두묘제조소
vaccine therapy,왁찐료법
combined vaccine,혼합왁찐
the vacuous air,진공
a vacuous expression,멍청한 표정
absolute vacuum,절대진공
the vacuum left in his life by his wifes death,안해가 죽은 후 생긴 생활상의 공백
woe to the vanquished,패배자는 무참하도다
a vagarious poet,방랑시인
vagrant whales,떠돌아다니는 고래들
a vagrant leaf blown by the wind,바람부는대로 이리저리 날리는 나무잎
yield to vague terrors,막연한 공포심에 사로잡히다
make a vague answer,애매한 대답을 하다
I havent the vaguest idea what to do,어떻게 해야 좋을지 전혀 모르겠다
He vailed his eyes again,그는 다시 눈을 내리깔았다
a vain hope,헛된 희망
All our efforts were vain,우리들의 노력은 모두 수포로 돌아갔다
vain promises,빈 약속
She is vain of her voice,그 녀자에게는 목소리가 큰 자랑이다
in vain,헛되이
in vain,공연히
All our efforts were in vain,우리의 모든 노력은 수포로 돌아갔다
a valedictory speech,고별사
valence bond,원자가결합
valence electron,원자가전자
Oregon,미국주의 별칭
a valid conclusion,타당한 결론
a valid remedy,효과적인 치료
a valid contract,합법적인 계약
the term of validity,유효기간
the valley of despair,절망의 골짜기
valley of the dolls,극도의 정신적불안정상태
valuable papers,유가증권
a book very valuable to for teachers,교원들에게 매우 귀중한 책
They locked their valuables in the hotel safe,려관의 금고에 귀중품을 넣어두었다
Dont leave any valuables on the bus,뻐스에 귀중품을 놓고 내리지 마시오
the value of good books,좋은 책의 가치
propaganda value,선전가치
market value,시장가격
surplus value,경제 잉여가치
give good value for,에 대하여 충분한 대가를 주다
face value,액면가격
out of value,밝음과 어둠이 조화되지 않는
the erosion of traditional values,전통적가치관의 붕괴
give value for value,값어치만큼 지불하다
news of value,중대소식
to the value of,의 가치가 있는
to the value of,가격이 에 달하는
to the value of honour above money,돈보다 명예를 더 귀중히 여기다
many valued,다원적가치를 가진
a thermionic valve,열전자관
a valve set,전자관식수신기
vamp up an excuse,핑게를 꾸며대다
lead the van,주동자가 되다
lead the van,선구자의 역할을 하다
They are in the vanguard of fashion,류행의 첨단에 서있다
vanish into smoke,연기로 사라지다
vanish into thin air,자취도 없이 사라지다
vanish like a bubble,거품처럼 사라지다
vanisher vanishingly vanishment,소멸
A mans vanity is his tenderest spot,허영심은 사람의 가장 큰 약점이다
Vanity of vanities all is vanity,헛되고 헛되니 모든것이 헛되도다
the vanquished,패배자
the vanquished,피정복자
vanquish the temptation of the flesh,육체의 유혹을 이겨내다
for the vantage to the vantage,게다가 또
run vapid,김이 빠지다
Enough heat will vaporize nearly any solid,충분한 열을 주면 거의 어떤 고체라도 기화한다
vaporizable vaporizer,증발기
vaporizable vaporizer,기화기
vaporizable vaporizer,분무기
water vapour,수증기
vapour away a heated fluid,가열한 액체를 증발시키다
vapour forth highflown fancies,터무니없는 기염을 토하다
a man of variable temper,변덕스러운 사나이
variable weather,변하기 쉬운 날씨
a variable condenser,가변콘덴샤
Prices are variable according to the exchanges,물가는 환자시세에 따라 변한다
variableness,변하기 쉬움
variableness,변화성
variableness,변동성
variance of temperature,기온의 변동
the variance between reports,보고들사이의 불일치
set variance at,리간질하다
set variance at,사이를 나빠지게 하다
variations on the theme of,의 여러가지의 변종
varicose veins,부정맥증
a varied career,파란곡절이 많은 경력
live a varied life,변화많은 생활을 하다
the variegated nature of English,영어의 다양성
a life full of variety,변화가 많은 인생
a variety of excellent dishes,뒤섞은 여러가지 맛있는 음식
for a variety of reasons,여러가지 리유로
an early flowering variety of tulip,튤립의 일찍 피는 종
for varietys sake,변화를 주기 위하여
for varietys sake,방향을 달리하기 위하여
unity in variety,다양성중의 통일
a variorum edition,집주판
a variorum edition,집주본
The modes of procedure are various,수속양식은 여러가지이다
a man of various talent,다재다능한 사람
run away in various directions,좌왕우왕하며 달아나다
